trade_date,stock_name,ts_code,close,ma_short,ma_long,golden_cross,death_cross,signal,cash,shares,position_ratio,total_asset,strategy_nav,strategy_return,benchmark_nav,benchmark_return,cummax_nav,drawdown
2025-07-03,宁德时代,300750.SZ,262.59,,,False,False,0,100000.0,0,0.0,100000.0,1.0,0.0,1.0,0.0,1.0,0.0
2025-07-04,宁德时代,300750.SZ,265.8,,,False,False,0,100000.0,0,0.0,100000.0,1.0,0.0,1.0122243802124986,0.012224380212498609,1.0,0.0
2025-07-07,宁德时代,300750.SZ,260.89,,,False,False,0,100000.0,0,0.0,100000.0,1.0,0.0,0.993526029170951,-0.018472535741158702,1.0,0.0
2025-07-08,宁德时代,300750.SZ,263.31,,,False,False,0,100000.0,0,0.0,100000.0,1.0,0.0,1.002741917057009,0.009275940051362674,1.0,0.0
2025-07-09,宁德时代,300750.SZ,270.8,264.678,,False,False,0,100000.0,0,0.0,100000.0,1.0,0.0,1.0312654708861726,0.02844555846720609,1.0,0.0
2025-07-10,宁德时代,300750.SZ,272.0,266.56000000000006,,False,False,0,100000.0,0,0.0,100000.0,1.0,0.0,1.0358353326478542,0.004431314623338123,1.0,0.0
2025-07-11,宁德时代,300750.SZ,271.5,267.7,,False,False,0,100000.0,0,0.0,100000.0,1.0,0.0,1.0339312235804867,-0.0018382352941177516,1.0,0.0
2025-07-14,宁德时代,300750.SZ,268.5,269.22200000000004,,False,False,0,100000.0,0,0.0,100000.0,1.0,0.0,1.0225065691762825,-0.011049723756906049,1.0,0.0
2025-07-15,宁德时代,300750.SZ,267.75,270.11,,False,False,0,100000.0,0,0.0,100000.0,1.0,0.0,1.0196504055752313,-0.0027932960893854997,1.0,0.0
2025-07-16,宁德时代,300750.SZ,264.4,268.83,,False,False,0,100000.0,0,0.0,100000.0,1.0,0.0,1.00689287482387,-0.012511671335200703,1.0,0.0
2025-07-17,宁德时代,300750.SZ,265.5,267.53000000000003,,False,False,0,100000.0,0,0.0,100000.0,1.0,0.0,1.0110819147720782,0.004160363086233021,1.0,0.0
2025-07-18,宁德时代,300750.SZ,271.2,267.47,,False,False,0,100000.0,0,0.0,100000.0,1.0,0.0,1.0327887581400663,0.021468926553672274,1.0,0.0
2025-07-21,宁德时代,300750.SZ,279.66,269.70199999999994,,False,False,0,100000.0,0,0.0,100000.0,1.0,0.0,1.0650062835599226,0.031194690265486935,1.0,0.0
2025-07-22,宁德时代,300750.SZ,286.66,273.484,,False,False,0,100000.0,0,0.0,100000.0,1.0,0.0,1.0916638105030658,0.025030394049917692,1.0,0.0
2025-07-23,宁德时代,300750.SZ,287.02,278.008,270.50533333333334,False,False,0,100000.0,0,0.0,100000.0,1.0,0.0,1.0930347690315703,0.0012558431591431773,1.0,0.0
2025-07-24,宁德时代,300750.SZ,285.2,281.948,272.01266666666663,False,False,0,100000.0,0,0.0,100000.0,1.0,0.0,1.0861038120263529,-0.006341021531600766,1.0,0.0
2025-07-25,宁德时代,300750.SZ,282.8,284.268,273.146,False,False,0,100000.0,0,0.0,100000.0,1.0,0.0,1.0769640885029896,-0.008415147265076972,1.0,0.0
2025-07-28,宁德时代,300750.SZ,286.3,285.596,274.84,False,False,0,100000.0,0,0.0,100000.0,1.0,0.0,1.0902928519745612,0.012376237623762165,1.0,0.0
2025-07-29,宁德时代,300750.SZ,291.82,286.62800000000004,276.74066666666664,False,False,0,100000.0,0,0.0,100000.0,1.0,0.0,1.111314216078297,0.01928047502619612,1.0,0.0
2025-07-30,宁德时代,300750.SZ,277.09,284.642,277.15999999999997,False,False,0,100000.0,0,0.0,100000.0,1.0,0.0,1.055219162953654,-0.0504763210198067,1.0,0.0
2025-07-31,宁德时代,300750.SZ,264.62,280.526,276.668,False,False,0,100000.0,0,0.0,100000.0,1.0,0.0,1.0077306828135117,-0.04500342848893846,1.0,0.0
2025-08-01,宁德时代,300750.SZ,263.07,276.58000000000004,276.106,False,False,0,100000.0,0,0.0,100000.0,1.0,0.0,1.0018279447046727,-0.005857455974605186,1.0,0.0
2025-08-04,宁德时代,300750.SZ,266.48,272.616,275.9713333333333,False,True,-1,100000.0,0,0.0,100000.0,1.0,0.0,1.0148139685441184,0.012962329418025886,1.0,0.0
2025-08-05,宁德时代,300750.SZ,265.7,267.392,275.8346666666667,False,False,0,100000.0,0,0.0,100000.0,1.0,0.0,1.011843558399025,-0.002927048934254217,1.0,0.0
2025-08-06,宁德时代,300750.SZ,265.0,264.974,275.87466666666666,False,False,0,100000.0,0,0.0,100000.0,1.0,0.0,1.009177805704711,-0.0026345502446366575,1.0,0.0
2025-08-07,宁德时代,300750.SZ,263.05,264.66,275.71133333333336,False,False,0,100000.0,0,0.0,100000.0,1.0,0.0,1.0017517803419782,-0.0073584905660376565,1.0,0.0
2025-08-08,宁德时代,300750.SZ,263.48,264.742,275.19666666666666,False,False,0,100000.0,0,0.0,100000.0,1.0,0.0,1.0033893141399142,0.0016346702147880254,1.0,0.0
2025-08-11,宁德时代,300750.SZ,263.66,264.178,274.13,False,False,0,100000.0,0,0.0,100000.0,1.0,0.0,1.0040747934041663,0.0006831638074995539,1.0,0.0
2025-08-12,宁德时代,300750.SZ,263.25,263.688,272.5693333333333,False,False,0,100000.0,0,0.0,100000.0,1.0,0.0,1.002513423968925,-0.0015550329970416277,1.0,0.0
2025-08-13,宁德时代,300750.SZ,273.6,265.408,271.67466666666667,False,False,0,100000.0,0,0.0,100000.0,1.0,0.0,1.0419284816634298,0.03931623931623918,1.0,0.0
2025-08-14,宁德时代,300750.SZ,279.89,268.776,271.3206666666667,False,False,0,100000.0,0,0.0,100000.0,1.0,0.0,1.0658821737309114,0.02298976608187142,1.0,0.0
2025-08-15,宁德时代,300750.SZ,280.67,272.214,271.1786666666667,True,False,1,15756.894447939994,300,0.8423646822998409,99957.89444794,0.9995789444794,-0.00042105552060001106,1.0688525838760046,0.0027868091035765374,1.0,-0.00042105552060001106
2025-08-18,宁德时代,300750.SZ,283.0,276.082,270.95866666666666,False,False,0,15756.894447939994,300,0.843459362278562,100656.89444794,1.0065689444794,0.006992944417852254,1.0777257321299365,0.008301564114440385,1.0065689444794,0.0
2025-08-19,宁德时代,300750.SZ,277.8,278.992,270.024,False,False,0,15756.894447939994,300,0.8409950731986078,99096.89444794,0.9909689444794,-0.015498193229146695,1.0579229978293159,-0.01837455830388679,1.0065689444794,-0.015498193229146695
2025-08-20,宁德时代,300750.SZ,279.2,280.11199999999997,270.1646666666667,False,False,0,15756.894447939994,300,0.8416661358320133,99516.89444794,0.9951689444794,0.004238276106832473,1.0632545032179443,0.00503959683225319,1.0065689444794,-0.01132560274437644
2025-08-21,宁德时代,300750.SZ,279.0,279.934,271.12333333333333,False,False,0,15756.894447939994,300,0.8415706167440425,99456.89444794,0.9945689444793999,-0.0006029127047507687,1.0624928595909975,-0.0007163323782234388,1.0065689444794,-0.011921687099343603
2025-08-22,宁德时代,300750.SZ,287.18,281.236,272.73066666666665,False,False,0,15756.894447939994,300,0.8453855740026968,101910.89444794,1.0191089444794,0.02467400589593649,1.0936440839331278,0.029318996415770737,1.0191089444794,0.0
2025-08-25,宁德时代,300750.SZ,290.28,282.692,274.31733333333335,False,False,0,15756.894447939994,300,0.8467837669778686,102840.89444793998,1.0284089444793998,0.009125619052191336,1.1054495601508054,0.010794623581029228,1.0284089444793998,0.0
2025-08-26,宁德时代,300750.SZ,289.5,285.032,275.90400000000005,False,False,0,15756.894447939994,300,0.846434349926314,102606.89444794,1.0260689444794,-0.002275359439998237,1.1024791500057125,-0.0026870607689125636,1.0284089444793998,-0.002275359439998237
2025-08-27,宁德时代,300750.SZ,278.3,284.852,276.7906666666667,False,False,0,15756.894447939994,300,0.8412353904312313,99246.89444794,0.9924689444793999,-0.032746337544645066,1.0598271068966831,-0.03868739205526772,1.0284089444793998,-0.034947187296385684
2025-08-28,宁德时代,300750.SZ,277.41,284.534,277.748,False,False,0,15756.894447939994,300,0.8408071201144028,98979.89444794001,0.9897989444794001,-0.0026902605011992486,1.0564377927567694,-0.0031979877829678705,1.0284089444793998,-0.03754343075997346
2025-08-29,宁德时代,300750.SZ,306.18,288.334,280.5946666666667,False,False,0,15756.894447939994,300,0.8535752859524566,107610.89444794,1.0761089444793999,0.08719952721852597,1.1660002284930882,0.10370931112793302,1.0761089444793999,0.0
2025-09-01,宁德时代,300750.SZ,304.0,291.07800000000003,283.284,False,False,0,15756.894447939994,300,0.8526799555160095,106956.89444794,1.0695689444793999,-0.006077451575466575,1.1576983129593663,-0.0071199947743157965,1.0761089444793999,-0.006077451575466575
2025-09-02,宁德时代,300750.SZ,302.87,293.752,285.92533333333336,False,False,0,15756.894447939994,300,0.8522115398214521,106617.89444794,1.0661789444793999,-0.0031695011504377923,1.1533950264671162,-0.003717105263157716,1.0761089444793999,-0.009227690236144226
2025-09-03,宁德时代,300750.SZ,309.0,299.892,288.2853333333333,False,False,0,15756.894447939994,300,0.8547174476261312,108456.89444794,1.0845689444794,0.017248511701738467,1.1767394036330403,0.020239706804899837,1.0845689444794,0.0
2025-09-04,宁德时代,300750.SZ,304.03,305.216,289.8946666666667,False,False,0,15756.894447939994,300,0.8526923508725593,106965.89444793998,1.0696589444793998,-0.01374739713495765,1.1578125595034083,-0.016084142394822143,1.0845689444794,-0.01374739713495765
2025-09-05,宁德时代,300750.SZ,325.11,309.002,292.8573333333333,False,False,0,15756.894447939994,300,0.8609152694093051,113289.89444794,1.1328989444794,0.059121648378099634,1.2380897977836172,0.06933526296747039,1.1328989444794,0.0
2025-09-08,宁德时代,300750.SZ,325.37,313.27599999999995,295.68199999999996,False,False,0,15756.894447939994,300,0.8610109632478377,113367.89444794,1.1336789444794,0.0006884991850339972,1.2390799344986483,0.000799729322383369,1.1336789444794,0.0
2025-09-09,宁德时代,300750.SZ,320.0,316.702,298.4953333333333,False,False,0,15756.894447939994,300,0.8590074059790551,111756.89444794,1.1175689444794,-0.014210372414915073,1.2186298031151226,-0.016504287426622022,1.1336789444794,-0.014210372414915073
2025-09-10,宁德时代,300750.SZ,316.04,318.11,300.9513333333333,False,False,0,15756.894447939994,300,0.85749252059892,110568.89444794,1.1056889444794,-0.010630216648990665,1.203549259301573,-0.012374999999999914,1.1336789444794,-0.024689529726472315
2025-09-11,宁德时代,300750.SZ,322.55,321.814,303.8546666666667,False,False,0,15756.894447939994,300,0.8599659690654233,112521.89444794,1.1252189444793999,0.017663195510374985,1.2283407593586961,0.020598658397670944,1.1336789444794,-0.00746243020671522
2025-09-12,宁德时代,300750.SZ,325.0,321.79200000000003,306.376,False,False,0,15756.894447939994,300,0.8608747438754569,113256.89444794,1.1325689444794,0.0065320620809496965,1.2376708937887964,0.0075957215935513744,1.1336789444794,-0.0009791131831504707
2025-09-15,宁德时代,300750.SZ,354.7,327.658,310.67066666666665,False,False,0,15756.894447939994,300,0.8710215683295885,122166.89444794,1.2216689444794,0.07867070736338788,1.3507749723904185,0.0913846153846154,1.2216689444794,0.0
2025-09-16,宁德时代,300750.SZ,353.42,334.342,314.93199999999996,False,False,0,15756.894447939994,300,0.870614879705657,121782.89444794,1.2178289444794,-0.003143241069810787,1.3459004531779581,-0.0036086833944177776,1.2216689444794,-0.003143241069810787
2025-09-17,宁德时代,300750.SZ,377.1,346.55400000000003,321.51866666666666,False,False,0,15756.894447939994,300,0.8777463409648332,128886.89444794,1.2888689444794,0.05833331546440479,1.4360790586084773,0.0670024333654009,1.2888689444794,0.0
2025-09-18,宁德时代,300750.SZ,366.89,355.42199999999997,327.48400000000004,False,False,0,15756.894447939994,300,0.8747702531615769,125823.89444794,1.2582389444794,-0.023765022915011702,1.3971971514528354,-0.027075046406788705,1.2888689444794,-0.023765022915011702
2025-09-19,宁德时代,300750.SZ,368.49,364.12,331.63800000000003,False,False,0,15756.894447939994,300,0.8752461710162494,126303.89444794,1.2630389444794,0.0038148556926014265,1.403290300468411,0.004360980130284187,1.2888689444794,-0.0200408273553625
2025-09-22,宁德时代,300750.SZ,370.05,367.19000000000005,336.0413333333334,False,False,0,15756.894447939994,300,0.8757067209845104,126771.89444794,1.2677189444794,0.0037053489288321195,1.4092311207585972,0.004233493446226477,1.2888689444794,-0.016409736684704468
2025-09-23,宁德时代,300750.SZ,368.15,370.136,340.3933333333333,False,False,0,15756.894447939994,300,0.8751453413843964,126201.89444794,1.2620189444793999,-0.004496264747657297,1.401995506302601,-0.005134441291717473,1.2888689444794,-0.020832218911787992
2025-09-24,宁德时代,300750.SZ,379.93,370.702,345.122,False,False,0,15756.894447939994,300,0.8785463767372192,129735.89444794,1.2973589444794,0.028002749209583788,1.4468563159297767,0.03199782697270148,1.2973589444794,0.0
2025-09-25,宁德时代,300750.SZ,392.85,375.894,351.0433333333333,False,False,0,15756.894447939994,300,0.8820696726661603,133611.89444794,1.3361189444794,0.029876080297541296,1.4960584942305497,0.034006264311846834,1.3361189444794,0.0
2025-09-26,宁德时代,300750.SZ,380.4,378.276,354.7293333333334,False,False,0,15756.894447939994,300,0.8786782320680142,129876.89444794,1.2987689444794,-0.027954098064639665,1.448646178453102,-0.03169148529973276,1.3361189444794,-0.027954098064639665
2025-09-29,宁德时代,300750.SZ,397.37,383.73999999999995,359.52933333333334,False,False,0,15756.894447939994,300,0.8832544990614952,134967.89444794,1.3496789444794,0.03919865824972191,1.5132716401995507,0.044610935856992606,1.3496789444794,0.0
2025-09-30,宁德时代,300750.SZ,402.0,390.51,364.99600000000004,False,False,0,15756.894447939994,300,0.8844437275303607,136356.89444794,1.3635689444794,0.010291336363224879,1.5309036901633728,0.011651609331353674,1.3635689444794,0.0
2025-10-09,宁德时代,300750.SZ,409.89,396.502,371.25266666666664,False,False,0,15756.894447939994,300,0.8864154260472178,138723.89444794,1.3872389444794,0.01735885823436467,1.5609505312464298,0.019626865671641625,1.3872389444794,0.0
2025-10-10,宁德时代,300750.SZ,381.95,394.322,375.2126666666667,False,False,0,15756.894447939994,300,0.8791110524004738,130341.89444794,1.3034189444794,-0.060422179130399045,1.4545489165619407,-0.06816462953475322,1.3872389444794,-0.060422179130399045
2025-10-13,宁德时代,300750.SZ,374.5,393.142,378.5126666666667,False,False,0,15756.894447939994,300,0.8770019793560504,128106.89444794,1.2810689444794,-0.0171472112590223,1.4261776914581668,-0.019505170833878815,1.3872389444794,-0.07653331851914191
2025-10-14,宁德时代,300750.SZ,358.0,385.26800000000003,378.7326666666667,False,False,0,15756.894447939994,300,0.8720583649127281,123156.89444794,1.2315689444794,-0.03863960656708887,1.3633420922350434,-0.044058744993324295,1.3872389444794,-0.11221570776937739
2025-10-15,宁德时代,300750.SZ,369.3,378.728,379.79133333333334,False,True,-1,126491.50609534001,0,0.0,126491.50609534001,1.2649150609534001,0.027076126451122784,1.4063749571575461,0.03156424581005579,1.3872389444794,-0.08817794801162049
2025-10-16,宁德时代,300750.SZ,368.5,370.45,379.21799999999996,False,False,0,126491.50609534001,0,0.0,126491.50609534001,1.2649150609534001,0.0,1.4033283826497582,-0.0021662604928243123,1.3872389444794,-0.08817794801162049
2025-10-17,宁德时代,300750.SZ,358.14,365.688,378.63466666666665,False,False,0,126491.50609534001,0,0.0,126491.50609534001,1.2649150609534001,0.0,1.3638752427739063,-0.028113975576662065,1.3872389444794,-0.08817794801162049
2025-10-20,宁德时代,300750.SZ,366.5,364.088,378.502,False,False,0,126491.50609534001,0,0.0,126491.50609534001,1.2649150609534001,0.0,1.3957119463802887,0.023342826827497554,1.3872389444794,-0.08817794801162049
2025-10-21,宁德时代,300750.SZ,375.9,367.668,378.89199999999994,False,False,0,126491.50609534001,0,0.0,126491.50609534001,1.2649150609534001,0.0,1.4315091968467955,0.025648021828103662,1.3872389444794,-0.08817794801162049
2025-10-22,宁德时代,300750.SZ,372.86,368.38,379.206,False,False,0,126491.50609534001,0,0.0,126491.50609534001,1.2649150609534001,0.0,1.419932213717202,-0.008087257249268287,1.3872389444794,-0.08817794801162049
2025-10-23,宁德时代,300750.SZ,376.45,369.96999999999997,378.974,False,False,0,126491.50609534001,0,0.0,126491.50609534001,1.2649150609534001,0.0,1.4336037168208995,0.009628278710507754,1.3872389444794,-0.08817794801162049
2025-10-24,宁德时代,300750.SZ,385.77,375.496,378.50200000000007,False,False,0,126491.50609534001,0,0.0,126491.50609534001,1.2649150609534001,0.0,1.4690963098366274,0.024757603931464978,1.3872389444794,-0.08817794801162049
2025-10-27,宁德时代,300750.SZ,386.18,379.432,378.8873333333333,True,False,1,10579.57214410002,300,0.9163230780821239,126433.57214410002,1.2643357214410003,-0.00045800665221207293,1.4706576792718689,0.0010628094460432003,1.3872389444794,-0.08859556857706485
2025-10-28,宁德时代,300750.SZ,386.48,381.548,378.16133333333335,False,False,0,10579.57214410002,300,0.9163825999786763,126523.57214410002,1.2652357214410002,0.0007118362510347698,1.4718001447122893,0.0007768398156300371,1.3872389444794,-0.0879467978634243
2025-10-29,宁德时代,300750.SZ,400.0,386.976,378.028,False,False,0,10579.57214410002,300,0.9189798835270725,130579.57214410002,1.3057957214410003,0.03205726752150628,1.5232872538939033,0.0349824052991099,1.3872389444794,-0.05870886436868561
2025-10-30,宁德时代,300750.SZ,398.29,391.344,377.2546666666667,False,False,0,10579.57214410002,300,0.9186603293244403,130066.57214410002,1.3006657214410002,-0.0039286390020782935,1.516775200883507,-0.004274999999999918,1.3872389444794,-0.06240685743643737
2025-10-31,宁德时代,300750.SZ,388.77,391.944,377.7093333333333,False,False,0,10579.57214410002,300,0.9168341752907468,127210.57214410002,1.2721057214410003,-0.021957986229050763,1.4805209642408317,-0.023902181827311964,1.3872389444794,-0.08299451474930053
2025-11-03,宁德时代,300750.SZ,386.86,392.08000000000004,378.53333333333336,False,False,0,10579.57214410002,300,0.9164578729284102,126637.57214410002,1.2663757214410003,-0.004504342605667455,1.4732472676034885,-0.004912930524474501,1.3872389444794,-0.087125021626146
2025-11-04,宁德时代,300750.SZ,378.95,390.57399999999996,379.93,False,False,0,10579.57214410002,300,0.9148625230702786,124264.57214410002,1.2426457214410003,-0.018738514643188098,1.4431242621577365,-0.020446673215116618,1.3872389444794,-0.10423094277580447
2025-11-05,宁德时代,300750.SZ,388.7,388.31399999999996,381.22333333333336,False,False,0,10579.57214410002,300,0.9168204439581427,127189.57214410002,1.2718957214410003,0.023538486871447883,1.4802543889714004,0.025728987993139052,1.3872389444794,-0.08314589458248334
2025-11-06,宁德时代,300750.SZ,394.68,387.592,382.9686666666667,False,False,0,10579.57214410002,300,0.9179773674411765,128983.57214410002,1.2898357214410001,0.014104929907048147,1.5030275334171144,0.015384615384615552,1.3872389444794,-0.07021373169057987
2025-11-07,宁德时代,300750.SZ,395.37,388.912,385.4506666666667,False,False,0,10579.57214410002,300,0.9181087910014092,129190.57214410002,1.2919057214410001,0.001604855537484573,1.5056552039300812,0.0017482517482516613,1.3872389444794,-0.0687215590492064
2025-11-10,宁德时代,300750.SZ,384.51,388.44199999999995,386.65133333333335,False,False,0,10579.57214410002,300,0.9159901845569055,125932.57214410002,1.2593257214410003,-0.025218558490212373,1.4642979549868618,-0.027467941421959186,1.3872389444794,-0.09220705888299774
2025-11-11,宁德时代,300750.SZ,385.6,389.77200000000005,387.298,False,False,0,10579.57214410002,300,0.9162077618002257,126259.57214410002,1.2625957214410002,0.002596627659012807,1.4684489127537228,0.002834776728823707,1.3872389444794,-0.08984985862343686
2025-11-12,宁德时代,300750.SZ,386.38,389.308,388.1993333333333,False,False,0,10579.57214410002,300,0.9163627687575469,126493.57214410002,1.2649357214410002,0.0018533248293677307,1.4714193228988157,0.0020228215767632562,1.3872389444794,-0.08816305476797115
2025-11-13,宁德时代,300750.SZ,415.6,393.492,390.80933333333337,False,False,0,10579.57214410002,300,0.9217831908204693,135259.57214410004,1.3525957214410003,0.06929996403306471,1.5826954567957654,0.07562503235157103,1.3872389444794,-0.02497278725937191
2025-11-14,宁德时代,300750.SZ,404.12,395.242,392.0326666666667,False,False,0,10579.57214410002,300,0.9197395878801443,131815.57214410004,1.3181557214410005,-0.025462153586667258,1.5389771126090104,-0.027622714148219485,1.3872389444794,-0.049799079901353904
2025-11-17,宁德时代,300750.SZ,390.78,396.496,392.33933333333334,False,False,0,10579.57214410002,300,0.917226535753399,127813.5721441,1.278135721441,-0.03036060106483529,1.4881754826916487,-0.03300999703058505,1.3872389444794,-0.07864775096790833
2025-11-18,宁德时代,300750.SZ,385.0,396.376,392.24066666666664,False,False,0,10579.57214410002,300,0.9160881341506433,126079.57214410002,1.2607957214410002,-0.013566634363720298,1.4661639818728818,-0.014790930958595627,1.3872389444794,-0.09114740005071809
2025-11-19,宁德时代,300750.SZ,391.1,397.32000000000005,391.64733333333334,False,False,0,10579.57214410002,300,0.9172886597401693,127909.57214410002,1.2790957214410001,0.014514643164464713,1.4893941124947638,0.01584415584415577,1.3872389444794,-0.07795572887335833
2025-11-20,宁德时代,300750.SZ,379.39,390.078,390.3873333333333,False,True,-1,124339.67047312003,0,0.0,124339.67047312003,1.2433967047312002,-0.02790957401497851,1.4447998781370197,-0.02994119151112251,1.3872389444794,-0.10368959170345415
2025-11-21,宁德时代,300750.SZ,370.0,383.254,389.136,False,False,0,124339.67047312003,0,0.0,124339.67047312003,1.2433967047312002,0.0,1.4090407098518605,-0.024750256991486252,1.3872389444794,-0.10368959170345415
2025-11-24,宁德时代,300750.SZ,370.55,379.20799999999997,388.04866666666663,False,False,0,124339.67047312003,0,0.0,124339.67047312003,1.2433967047312002,0.0,1.4111352298259645,0.0014864864864865268,1.3872389444794,-0.10368959170345415
2025-11-25,宁德时代,300750.SZ,372.36,376.68,387.60933333333327,False,False,0,124339.67047312003,0,0.0,124339.67047312003,1.2433967047312002,0.0,1.4180281046498344,0.00488463095398739,1.3872389444794,-0.10368959170345415
2025-11-26,宁德时代,300750.SZ,372.82,373.024,386.5506666666667,False,False,0,124339.67047312003,0,0.0,124339.67047312003,1.2433967047312002,0.0,1.4197798849918124,0.0012353636265978185,1.3872389444794,-0.10368959170345415
2025-11-27,宁德时代,300750.SZ,371.2,371.386,384.9853333333333,False,False,0,124339.67047312003,0,0.0,124339.67047312003,1.2433967047312002,0.0,1.413610571613542,-0.0043452604474009116,1.3872389444794,-0.10368959170345415
2025-11-28,宁德时代,300750.SZ,373.2,372.026,383.5073333333333,False,False,0,124339.67047312003,0,0.0,124339.67047312003,1.2433967047312002,0.0,1.4212270078830116,0.005387931034482651,1.3872389444794,-0.10368959170345415
2025-12-01,宁德时代,300750.SZ,382.97,374.51,383.4046666666666,False,False,0,124339.67047312003,0,0.0,124339.67047312003,1.2433967047312002,0.0,1.4584332990593705,0.026178992497320586,1.3872389444794,-0.10368959170345415
2025-12-02,宁德时代,300750.SZ,380.08,376.054,383.0366666666667,False,False,0,124339.67047312003,0,0.0,124339.67047312003,1.2433967047312002,0.0,1.4474275486499868,-0.007546282998668441,1.3872389444794,-0.10368959170345415
2025-12-03,宁德时代,300750.SZ,376.08,376.706,382.35,False,False,0,124339.67047312003,0,0.0,124339.67047312003,1.2433967047312002,0.0,1.4321946761110478,-0.010524100189433838,1.3872389444794,-0.10368959170345415
2025-12-04,宁德时代,300750.SZ,383.35,379.136,380.2,False,False,0,124339.67047312003,0,0.0,124339.67047312003,1.2433967047312002,0.0,1.4598804219505697,0.01933099340565847,1.3872389444794,-0.10368959170345415
2025-12-05,宁德时代,300750.SZ,389.09,382.31399999999996,379.198,True,False,1,7554.299969500033,300,0.9392161172167177,124281.29996950002,1.2428129996950001,-0.0004694439304681053,1.4817395940439468,0.014973262032085266,1.3872389444794,-0.10411035918444445
2025-12-08,宁德时代,300750.SZ,392.5,384.21999999999997,379.3126666666667,False,False,0,7554.299969500033,300,0.9397123644492743,125304.29996950003,1.2530429996950003,0.008231326838801012,1.4947256178833925,0.008764039168315918,1.3872389444794,-0.09673599873939553
2025-12-09,宁德时代,300750.SZ,387.59,385.722,379.4853333333333,False,False,0,7554.299969500033,300,0.9389952300318201,123831.29996950002,1.2383129996950002,-0.01175538269922538,1.4760272668418448,-0.012509554140127443,1.3872389444794,-0.10735421275264756
2025-12-10,宁德时代,300750.SZ,382.38,386.982,378.90399999999994,False,False,0,7554.299969500033,300,0.9382153839434714,122268.29996950003,1.2226829996950004,-0.012622010754833046,1.4561864503598767,-0.01344203926829901,1.3872389444794,-0.11862119747954003
2025-12-11,宁德时代,300750.SZ,388.99,388.11,379.544,False,False,0,7554.299969500033,300,0.9392014411812643,124251.29996950003,1.2425129996950004,0.016218431110064158,1.4813587722304735,0.01728646895758157,1.3872389444794,-0.10432661608899108
2025-12-12,宁德时代,300750.SZ,391.8,388.652,380.99733333333336,False,False,0,7554.299969500033,300,0.9396111575719925,125094.29996950003,1.2509429996950003,0.00678463726501799,1.4920598651890782,0.007223836088331215,1.3872389444794,-0.09824979707122372
2025-12-15,宁德时代,300750.SZ,385.5,387.252,381.99399999999997,False,False,0,7554.299969500033,300,0.9386847701632967,123204.29996950003,1.2320429996950004,-0.015108602074281552,1.4680680909402493,-0.01607963246554356,1.3872389444794,-0.11187398205767729
2025-12-16,宁德时代,300750.SZ,378.41,385.41600000000005,382.3973333333333,False,False,0,7554.299969500033,300,0.9376076277600921,121077.29996950005,1.2107729996950005,-0.017264007835169237,1.44106782436498,-0.018391699092088154,1.3872389444794,-0.12720659659005118
2025-12-17,宁德时代,300750.SZ,383.42,385.62399999999997,383.104,False,False,0,7554.299969500033,300,0.9383726424932908,122580.29996950003,1.2258029996950004,0.012413557292560995,1.460146997220001,0.013239607832773892,1.3872389444794,-0.11637212567225241
2025-12-18,宁德时代,300750.SZ,372.0,382.226,383.1573333333333,False,True,-1,119098.50666550004,0,0.0,119098.50666550004,1.1909850666550004,-0.028404183256741322,1.41665714612133,-0.02978457044494287,1.3872389444794,-0.14147085374542256
2025-12-19,宁德时代,300750.SZ,374.0,378.666,383.21066666666667,False,False,0,119098.50666550004,0,0.0,119098.50666550004,1.1909850666550004,0.0,1.4242735823907995,0.005376344086021501,1.3872389444794,-0.14147085374542256
2025-12-22,宁德时代,300750.SZ,371.84,375.934,382.46866666666665,False,False,0,119098.50666550004,0,0.0,119098.50666550004,1.1909850666550004,0.0,1.4160478312197724,-0.005775401069518682,1.3872389444794,-0.14147085374542256
2025-12-23,宁德时代,300750.SZ,378.1,375.87199999999996,382.3366666666667,False,False,0,119098.50666550004,0,0.0,119098.50666550004,1.1909850666550004,0.0,1.439887276743212,0.016835197934595536,1.3872389444794,-0.14147085374542256
2025-12-24,宁德时代,300750.SZ,375.6,374.30800000000005,382.30466666666666,False,False,0,119098.50666550004,0,0.0,119098.50666550004,1.1909850666550004,0.0,1.4303667314063753,-0.006612007405448206,1.3872389444794,-0.14147085374542256
2025-12-25,宁德时代,300750.SZ,373.01,374.51,381.6153333333333,False,False,0,119098.50666550004,0,0.0,119098.50666550004,1.1909850666550004,0.0,1.420503446437412,-0.006895633652822308,1.3872389444794,-0.14147085374542256
2025-12-26,宁德时代,300750.SZ,374.43,374.596,380.638,False,False,0,119098.50666550004,0,0.0,119098.50666550004,1.1909850666550004,0.0,1.4259111161887355,0.0038068684485670357,1.3872389444794,-0.14147085374542256
2025-12-29,宁德时代,300750.SZ,369.31,374.09000000000003,379.0919999999999,False,False,0,119098.50666550004,0,0.0,119098.50666550004,1.1909850666550004,0.0,1.4064130393388934,-0.013674117992682255,1.3872389444794,-0.14147085374542256
2025-12-30,宁德时代,300750.SZ,369.2,372.31000000000006,377.86600000000004,False,False,0,119098.50666550004,0,0.0,119098.50666550004,1.1909850666550004,0.0,1.4059941353440726,-0.0002978527524302166,1.3872389444794,-0.14147085374542256
2025-12-31,宁德时代,300750.SZ,367.26,370.642,376.858,False,False,0,119098.50666550004,0,0.0,119098.50666550004,1.1909850666550004,0.0,1.3986061921626871,-0.005254604550379183,1.3872389444794,-0.14147085374542256
2026-01-05,宁德时代,300750.SZ,377.5,371.53999999999996,376.092,False,False,0,119098.50666550004,0,0.0,119098.50666550004,1.1909850666550004,0.0,1.4376023458623712,0.027882154332080855,1.3872389444794,-0.14147085374542256
2026-01-06,宁德时代,300750.SZ,373.99,371.45200000000006,374.9046666666667,False,False,0,119098.50666550004,0,0.0,119098.50666550004,1.1909850666550004,0.0,1.4242355002094522,-0.009298013245033099,1.3872389444794,-0.14147085374542256
2026-01-07,宁德时代,300750.SZ,371.01,371.79200000000003,373.9386666666667,False,False,0,119098.50666550004,0,0.0,119098.50666550004,1.1909850666550004,0.0,1.4128870101679425,-0.007968127490039945,1.3872389444794,-0.14147085374542256
2026-01-08,宁德时代,300750.SZ,369.21,371.794,373.32533333333333,False,False,0,119098.50666550004,0,0.0,119098.50666550004,1.1909850666550004,0.0,1.4060322175254198,-0.004851621250101079,1.3872389444794,-0.14147085374542256
2026-01-09,宁德时代,300750.SZ,369.23,372.188,372.37933333333336,False,False,0,119098.50666550004,0,0.0,119098.50666550004,1.1909850666550004,0.0,1.4061083818881148,5.416971371330348e-05,1.3872389444794,-0.14147085374542256
2026-01-12,宁德时代,300750.SZ,361.68,369.024,371.6913333333334,False,False,0,119098.50666550004,0,0.0,119098.50666550004,1.1909850666550004,0.0,1.3773563349708673,-0.020447959266581828,1.3872389444794,-0.14147085374542256
2026-01-13,宁德时代,300750.SZ,359.0,366.026,370.6913333333334,False,False,0,119098.50666550004,0,0.0,119098.50666550004,1.1909850666550004,0.0,1.3671503103697782,-0.007409865074098576,1.3872389444794,-0.14147085374542256
2026-01-14,宁德时代,300750.SZ,353.98,362.62,369.5006666666667,False,False,0,119098.50666550004,0,0.0,119098.50666550004,1.1909850666550004,0.0,1.3480330553334097,-0.01398328690807804,1.3872389444794,-0.14147085374542256
2026-01-15,宁德时代,300750.SZ,353.75,359.528,367.8773333333333,False,False,0,119098.50666550004,0,0.0,119098.50666550004,1.1909850666550004,0.0,1.3471571651624206,-0.0006497542234025211,1.3872389444794,-0.14147085374542256
2026-01-16,宁德时代,300750.SZ,352.32,356.146,366.32533333333333,False,False,0,119098.50666550004,0,0.0,119098.50666550004,1.1909850666550004,0.0,1.3417114132297498,-0.004042402826855085,1.3872389444794,-0.14147085374542256
2026-01-19,宁德时代,300750.SZ,348.9,353.59000000000003,364.718,False,False,0,119098.50666550004,0,0.0,119098.50666550004,1.1909850666550004,0.0,1.328687307208957,-0.009707084468664862,1.3872389444794,-0.14147085374542256
2026-01-20,宁德时代,300750.SZ,349.6,351.71,363.06266666666664,False,False,0,119098.50666550004,0,0.0,119098.50666550004,1.1909850666550004,0.0,1.3313530599032715,0.0020063055316712486,1.3872389444794,-0.14147085374542256
2026-01-21,宁德时代,300750.SZ,349.81,350.87600000000003,361.7626666666667,False,False,0,119098.50666550004,0,0.0,119098.50666550004,1.1909850666550004,0.0,1.3321527857115656,0.0006006864988556959,1.3872389444794,-0.14147085374542256
2026-01-22,宁德时代,300750.SZ,345.8,349.286,360.2026666666667,False,False,0,119098.50666550004,0,0.0,119098.50666550004,1.1909850666550004,0.0,1.3168818309912793,-0.01146336582716323,1.3872389444794,-0.14147085374542256
2026-01-23,宁德时代,300750.SZ,347.0,348.22200000000004,358.85200000000003,False,False,0,119098.50666550004,0,0.0,119098.50666550004,1.1909850666550004,0.0,1.321451692752961,0.003470213996529692,1.3872389444794,-0.14147085374542256
2026-01-26,宁德时代,300750.SZ,342.05,346.852,356.4886666666667,False,False,0,119098.50666550004,0,0.0,119098.50666550004,1.1909850666550004,0.0,1.302601012986024,-0.01426512968299709,1.3872389444794,-0.14147085374542256
2026-01-27,宁德时代,300750.SZ,339.4,344.812,354.18266666666665,False,False,0,119098.50666550004,0,0.0,119098.50666550004,1.1909850666550004,0.0,1.2925092349289768,-0.0077474053500949935,1.3872389444794,-0.14147085374542256
2026-01-28,宁德时代,300750.SZ,339.99,342.84800000000007,352.11466666666666,False,False,0,119098.50666550004,0,0.0,119098.50666550004,1.1909850666550004,0.0,1.2947560836284704,0.0017383618149675595,1.3872389444794,-0.14147085374542256
2026-01-29,宁德时代,300750.SZ,341.89,342.066,350.29333333333335,False,False,0,119098.50666550004,0,0.0,119098.50666550004,1.1909850666550004,0.0,1.3019916980844664,0.005588399658813525,1.3872389444794,-0.14147085374542256
2026-01-30,宁德时代,300750.SZ,350.0,342.666,349.0113333333333,False,False,0,119098.50666550004,0,0.0,119098.50666550004,1.1909850666550004,0.0,1.3328763471571652,0.023721079879493345,1.3872389444794,-0.14147085374542256
2026-02-02,宁德时代,300750.SZ,348.98,344.052,348.1646666666666,False,False,0,119098.50666550004,0,0.0,119098.50666550004,1.1909850666550004,0.0,1.328991964659736,-0.002914285714285536,1.3872389444794,-0.14147085374542256
2026-02-03,宁德时代,300750.SZ,347.91,345.754,347.4253333333333,False,False,0,119098.50666550004,0,0.0,119098.50666550004,1.1909850666550004,0.0,1.3249171712555698,-0.003066078285288487,1.3872389444794,-0.14147085374542256
2026-02-04,宁德时代,300750.SZ,365.03,350.76200000000006,348.16200000000003,True,False,1,9534.74559496007,300,0.9199055309684094,119043.74559496006,1.1904374559496005,-0.0004597964497892182,1.3901138657222285,0.04920812853898959,1.3872389444794,-0.141865602398911
2026-02-05,宁德时代,300750.SZ,362.94,354.97200000000004,348.77466666666663,False,False,0,9534.74559496007,300,0.9194814420287034,118416.74559496007,1.1841674559496007,-0.0052669713714595945,1.382154689820633,-0.005725556803550358,1.3872389444794,-0.14638537170394073
2026-02-06,宁德时代,300750.SZ,369.11,358.794,349.894,False,False,0,9534.74559496007,300,0.9207206757905702,120267.74559496007,1.2026774559496007,0.01563123518299747,1.4056513957119465,0.017000055105527156,1.3872389444794,-0.13304232069339794
2026-02-09,宁德时代,300750.SZ,368.82,362.762,351.222,False,False,0,9534.74559496007,300,0.9206632847237061,120180.74559496007,1.2018074559496006,-0.0007233859716054836,1.4045470124528734,-0.0007856736474222137,1.3872389444794,-0.133669465716584
2026-02-10,宁德时代,300750.SZ,364.97,366.174,352.2466666666667,False,False,0,9534.74559496007,300,0.9198934184591758,119025.74559496008,1.1902574559496009,-0.009610524500260786,1.3898853726341447,-0.010438696383059387,1.3872389444794,-0.14199535654163886
2026-02-11,宁德时代,300750.SZ,368.0,366.768,353.45933333333335,False,False,0,9534.74559496007,300,0.9205005559676549,119934.74559496007,1.1993474559496007,0.007637003200074766,1.401424273582391,0.008302052223470469,1.3872389444794,-0.13544277233386848
2026-02-12,宁德时代,300750.SZ,375.87,369.35400000000004,355.464,False,False,0,9534.74559496007,300,0.9220353451497907,122295.74559496007,1.2229574559496006,0.019685704824634387,1.4313949503027534,0.021385869565217375,1.3872389444794,-0.11842335394602876
2026-02-13,宁德时代,300750.SZ,365.34,368.6,356.6866666666666,False,False,0,9534.74559496007,300,0.9199680539589674,119136.74559496006,1.1913674559496006,-0.02583082497785749,1.3912944133439964,-0.02801500518796396,1.3872389444794,-0.1411952059948156
2026-02-24,宁德时代,300750.SZ,361.95,367.226,358.0133333333334,False,False,0,9534.74559496007,300,0.9192789863630819,118119.74559496007,1.1811974559496008,-0.008536409106368992,1.3783845538672457,-0.009279027754967917,1.3872389444794,-0.14852631505895475
2026-02-25,宁德时代,300750.SZ,362.18,366.668,359.532,False,False,0,9534.74559496007,300,0.9193261122540701,118188.74559496007,1.1818874559496007,0.0005841529682648616,1.3792604440382346,0.0006354468849287809,1.3872389444794,-0.148028924178497
2026-02-26,宁德时代,300750.SZ,346.0,362.26800000000003,359.93266666666665,False,False,0,9534.74559496007,300,0.9158709401524957,113334.74559496007,1.1333474559496006,-0.0410699003155085,1.3176434746182262,-0.04467391904577833,1.3872389444794,-0.1830192913341827
2026-02-27,宁德时代,300750.SZ,342.01,355.496,359.94066666666663,False,True,-1,112086.45025114006,0,0.0,112086.45025114006,1.1208645025114006,-0.011014233430948095,1.3024486842606346,-0.0115317919075143,1.3872389444794,-0.1920177075680094
2026-03-02,宁德时代,300750.SZ,340.22,350.47200000000004,359.28866666666664,False,False,0,112086.45025114006,0,0.0,112086.45025114006,1.1208645025114006,0.0,1.2956319737994595,-0.005233765094587839,1.3872389444794,-0.1920177075680094
2026-03-03,宁德时代,300750.SZ,344.07,346.896,358.96133333333336,False,False,0,112086.45025114006,0,0.0,112086.45025114006,1.1208645025114006,0.0,1.3102936136181882,0.011316207160072755,1.3872389444794,-0.1920177075680094
2026-03-04,宁德时代,300750.SZ,338.9,342.24,358.3606666666667,False,False,0,112086.45025114006,0,0.0,112086.45025114006,1.1208645025114006,0.0,1.2906051258616094,-0.015026012148690815,1.3872389444794,-0.1920177075680094
2026-03-05,宁德时代,300750.SZ,350.25,343.09,357.37533333333334,False,False,0,112086.45025114006,0,0.0,112086.45025114006,1.1208645025114006,0.0,1.333828401690849,0.03349070522277975,1.3872389444794,-0.1920177075680094
2026-03-06,宁德时代,300750.SZ,354.77,345.642,356.8306666666667,False,False,0,112086.45025114006,0,0.0,112086.45025114006,1.1208645025114006,0.0,1.35104154765985,0.012905067808707926,1.3872389444794,-0.1920177075680094
2026-03-09,宁德时代,300750.SZ,357.5,349.09799999999996,356.0566666666667,False,False,0,112086.45025114006,0,0.0,112086.45025114006,1.1208645025114006,0.0,1.361437983167676,0.007695126419934084,1.3872389444794,-0.1920177075680094
2026-03-10,宁德时代,300750.SZ,376.3,355.544,356.55533333333335,False,False,0,112086.45025114006,0,0.0,112086.45025114006,1.1208645025114006,0.0,1.4330324841006894,0.05258741258741262,1.3872389444794,-0.1920177075680094
2026-03-11,宁德时代,300750.SZ,396.8,367.124,358.6773333333333,True,False,1,32686.765489540063,200,0.7082756887561249,112046.76548954006,1.1204676548954007,-0.0003540549416193306,1.511100955862752,0.054477810257772985,1.3872389444794,-0.19230377769138585
2026-03-12,宁德时代,300750.SZ,395.5,376.17400000000004,360.5106666666667,False,False,0,32686.765489540063,200,0.7075971798057027,111786.76548954006,1.1178676548954005,-0.0023204596657838694,1.5061502722875968,-0.0032762096774193727,1.3872389444794,-0.194178004197459
2026-03-13,宁德时代,300750.SZ,397.0,384.62,361.9193333333333,False,False,0,32686.765489540063,200,0.7083797953596012,112086.76548954006,1.1208676548954006,0.002683680833650115,1.5118625994896988,0.0037926675094814843,1.3872389444794,-0.19201543515199004
2026-03-16,宁德时代,300750.SZ,408.4,394.8,364.79,False,False,0,32686.765489540063,200,0.7141934953775572,114366.76548954006,1.1436676548954006,0.02034138455188783,1.555276286225675,0.028715365239294632,1.3872389444794,-0.17557991040642706
2026-03-17,宁德时代,300750.SZ,405.0,400.53999999999996,367.65999999999997,False,False,0,32686.765489540063,200,0.7124839874827166,113686.76548954006,1.1368676548954006,-0.005945783262202853,1.542328344567577,-0.008325171400587528,1.3872389444794,-0.18048173357615627
2026-03-18,宁德时代,300750.SZ,402.02,401.58399999999995,370.31600000000003,False,False,0,32686.765489540063,200,0.710968748438056,113090.76548954006,1.1309076548954007,-0.0052424747720950515,1.5309798545260673,-0.007358024691358156,1.3872389444794,-0.18477803741315435
2026-03-19,宁德时代,300750.SZ,400.5,402.58399999999995,373.94933333333336,False,False,0,32686.765489540063,200,0.710189707563061,112786.76548954006,1.1278676548954005,-0.0026881063072132783,1.5251913629612706,-0.0037809064225660105,1.3872389444794,-0.18696944071256283
2026-03-20,宁德时代,300750.SZ,413.0,405.784,378.682,False,False,0,32686.765489540063,200,0.7164742600701576,115286.76548954006,1.1528676548954007,0.0221657212098334,1.572794089645455,0.03121098626716612,1.3872389444794,-0.1689480320003225
2026-03-23,宁德时代,300750.SZ,401.99,404.502,382.8,False,False,0,32686.765489540063,200,0.7109534131495062,113084.76548954006,1.1308476548954007,-0.019100197586858103,1.5308656079820253,-0.02665859564164652,1.3872389444794,-0.18482128879406368
2026-03-24,宁德时代,300750.SZ,396.99,402.9,386.32800000000003,False,False,0,32686.765489540063,200,0.7083745917941859,112084.76548954006,1.1208476548954007,-0.008842924116887363,1.5118245173083515,-0.012438120351252469,1.3872389444794,-0.19202985227895975
2026-03-25,宁德时代,300750.SZ,397.81,402.058,390.25533333333334,False,False,0,32686.765489540063,200,0.7088006683460052,112248.76548954006,1.1224876548954006,0.0014631783301120027,1.514947256178834,0.0020655432126752693,1.3872389444794,-0.1908476478674369
2026-03-26,宁德时代,300750.SZ,402.5,402.45799999999997,393.7386666666667,False,False,0,32686.765489540063,200,0.7112138919407434,113186.76548954006,1.1318676548954005,0.008356439341753008,1.53280779923074,0.011789547774063047,1.3872389444794,-0.18408601531860447
2026-03-27,宁德时代,300750.SZ,416.18,403.094,397.8326666666666,False,False,0,32686.765489540063,200,0.718029798965679,115922.76548954006,1.1592276548954006,0.024172437370805877,1.5849042233139117,0.033987577639751576,1.3872389444794,-0.16436338562392871
2026-03-30,宁德时代,300750.SZ,413.0,405.296,401.53266666666667,False,False,0,32686.765489540063,200,0.7164742600701576,115286.76548954006,1.1528676548954007,-0.005486411554401549,1.572794089645455,-0.007640924599932708,1.3872389444794,-0.1689480320003225
2026-03-31,宁德时代,300750.SZ,401.7,406.238,403.22599999999994,False,False,0,32686.765489540063,200,0.7108050880871661,113026.76548954006,1.1302676548954007,-0.019603290892960645,1.5297612247229522,-0.027360774818402045,1.3872389444794,-0.18523938547618768
2026-04-01,宁德时代,300750.SZ,405.71,407.81800000000004,403.81999999999994,False,False,0,32686.765489540063,200,0.7128426602101408,113828.76548954006,1.1382876548954006,0.007095664434228377,1.5450321794432387,0.009982574060243943,1.3872389444794,-0.17945811756130103
2026-04-02,宁德时代,300750.SZ,401.17,407.552,404.198,False,False,0,32686.765489540063,200,0.710533617551788,112920.76548954006,1.1292076548954006,-0.007976894031091253,1.527742869111543,-0.011190259052032192,1.3872389444794,-0.18600349320558673
2026-04-03,宁德时代,300750.SZ,386.46,401.608,403.4953333333333,False,True,-1,109940.12412706006,0,0.0,109940.12412706006,1.0994012412706007,-0.026395865716621447,1.4717239803495945,-0.03666774684049168,1.3872389444794,-0.20748963569273093
2026-04-07,宁德时代,300750.SZ,384.59,395.92600000000004,401.908,False,False,0,109940.12412706006,0,0.0,109940.12412706006,1.0994012412706007,0.0,1.4646026124376406,-0.004838793148061904,1.3872389444794,-0.20748963569273093
2026-04-08,宁德时代,300750.SZ,391.3,393.846,400.99466666666666,False,False,0,109940.12412706006,0,0.0,109940.12412706006,1.0994012412706007,0.0,1.490155756121711,0.017447151511999826,1.3872389444794,-0.20748963569273093
2026-04-09,宁德时代,300750.SZ,389.99,390.702,400.19266666666664,False,False,0,109940.12412706006,0,0.0,109940.12412706006,1.0994012412706007,0.0,1.4851669903652083,-0.0033478149757220077,1.3872389444794,-0.20748963569273093
2026-04-10,宁德时代,300750.SZ,416.0,393.668,401.22599999999994,False,False,0,109940.12412706006,0,0.0,109940.12412706006,1.0994012412706007,0.0,1.5842187440496593,0.06669401779532813,1.3872389444794,-0.20748963569273093
2026-04-13,宁德时代,300750.SZ,427.13,401.802,402.16799999999995,False,False,0,109940.12412706006,0,0.0,109940.12412706006,1.0994012412706007,0.0,1.6266042118892572,0.026754807692307647,1.3872389444794,-0.20748963569273093
2026-04-14,宁德时代,300750.SZ,430.79,411.04200000000003,404.08799999999997,True,False,1,23739.039957580055,200,0.7839883588607731,109897.03995758005,1.0989703995758004,-0.0003918875826466328,1.6405422902623865,0.008568819797251548,1.3872389444794,-0.20780021066362175
2026-04-15,宁德时代,300750.SZ,431.0,418.98199999999997,406.3553333333333,False,False,0,23739.039957580055,200,0.7840708817655697,109939.03995758005,1.0993903995758005,0.00038217589860667367,1.6413420160706806,0.0004874764966689149,1.3872389444794,-0.20749745099725603
2026-04-16,宁德时代,300750.SZ,453.98,431.78000000000003,410.1,False,False,0,23739.039957580055,200,0.7927355683782692,114535.03995758005,1.1453503995758005,0.0418049857609577,1.7288548688068854,0.053317865429234335,1.3872389444794,-0.17436689322067356
2026-04-17,宁德时代,300750.SZ,444.2,437.41999999999996,412.88,False,False,0,23739.039957580055,200,0.7891344608505726,112579.03995758005,1.1257903995758005,-0.017077743201769913,1.6916104954491795,-0.021542799242257327,1.3872389444794,-0.18846684339713038
2026-04-20,宁德时代,300750.SZ,432.5,438.494,413.968,False,False,0,23739.039957580055,200,0.7846585024079054,110239.03995758005,1.1023903995758007,-0.02078539665004875,1.6470543432727829,-0.026339486717694705,1.3872389444794,-0.20533488195178706
2026-04-21,宁德时代,300750.SZ,447.6,441.85600000000005,416.27466666666663,False,False,0,23739.039957580055,200,0.7904004840013543,113259.03995758005,1.1325903995758007,0.027395013610079566,1.7045584371072777,0.03491329479768779,1.3872389444794,-0.18356502022740095
2026-04-22,宁德时代,300750.SZ,436.35,442.92600000000004,418.5846666666667,False,False,0,23739.039957580055,200,0.7861521911490139,111009.03995758005,1.1100903995758005,-0.019865963907540918,1.6617159830915118,-0.025134048257372643,1.3872389444794,-0.1997842880684172
2026-04-23,宁德时代,300750.SZ,438.9,439.91,420.7973333333333,False,False,0,23739.039957580055,200,0.7871301621085514,111519.03995758005,1.1151903995758006,0.004594220436415775,1.6714269393350851,0.005843932622894288,1.3872389444794,-0.19610792069112015
2026-04-24,宁德时代,300750.SZ,444.9,440.05,423.7126666666667,False,False,0,23739.039957580055,200,0.7893963613732529,112719.03995758005,1.1271903995758006,0.010760494355551042,1.6942762481434936,0.0136705399863295,1.3872389444794,-0.18745764450924485
2026-04-27,宁德时代,300750.SZ,434.88,440.526,426.9406666666667,False,False,0,23739.039957580055,200,0.7855843256103637,110715.03995758005,1.1071503995758005,-0.017778717781434028,1.6561179024334516,-0.022521915037086893,1.3872389444794,-0.2019036057329766
2026-04-28,宁德时代,300750.SZ,427.67,436.53999999999996,429.8126666666667,False,False,0,23739.039957580055,200,0.7827548316877101,109273.03995758005,1.0927303995758006,-0.013024427399858984,1.628660649682014,-0.01657928623988225,1.3872389444794,-0.21229835427819677
2026-04-29,宁德时代,300750.SZ,445.0,438.27,433.3926666666667,False,False,0,23739.039957580055,200,0.7894337226349252,112739.03995758005,1.1273903995758006,0.03171871123330594,1.6946570699569672,0.04052189772488135,1.3872389444794,-0.18731347323954695
2026-04-30,宁德时代,300750.SZ,436.0,437.68999999999994,436.46000000000004,False,False,0,23739.039957580055,200,0.7860172580666176,110939.03995758005,1.1093903995758005,-0.01596607528924565,1.6603831067443544,-0.020224719101123556,1.3872389444794,-0.20028888751235996
2026-05-06,宁德时代,300750.SZ,460.0,440.71000000000004,439.3933333333334,False,False,0,23739.039957580055,200,0.794891680747648,115739.03995758005,1.1573903995758006,0.043267005031190076,1.7517803419779887,0.05504587155963314,1.3872389444794,-0.16568778278485863
2026-05-07,宁德时代,300750.SZ,451.64,444.062,441.02733333333333,False,False,0,23739.039957580055,200,0.7918851934230232,114067.03995758005,1.1406703995758005,-0.014446292284892137,1.719943638371606,-0.018173913043478374,1.3872389444794,-0.17774050093160498
2026-05-08,宁德时代,300750.SZ,437.0,445.928,441.4413333333333,False,False,0,23739.039957580055,200,0.7864023302105105,111139.03995758005,1.1113903995758005,-0.025669115294732592,1.6641913248790892,-0.03241519794526615,1.3872389444794,-0.19884717481538072
2026-05-11,宁德时代,300750.SZ,446.11,446.15,442.4486666666667,False,False,0,23739.039957580055,200,0.7898475441931598,112961.03995758005,1.1296103995758005,0.016393879240772735,1.698884192086523,0.020846681922196852,1.3872389444794,-0.1857131721459001
2026-05-12,宁德时代,300750.SZ,431.25,445.2,440.93333333333334,False,False,0,23739.039957580055,200,0.7841690411450487,109989.03995758005,1.0998903995758005,-0.026309956079689667,1.6422940706043643,-0.03331017013741022,1.3872389444794,-0.20713702282301127
2026-05-13,宁德时代,300750.SZ,434.05,440.00999999999993,440.2566666666666,False,True,-1,110505.64016618006,0,0.0,110505.64016618006,1.1050564016618005,0.0046968335099502045,1.6529570813816217,0.006492753623188463,1.3872389444794,-0.20341307742300752
2026-05-14,宁德时代,300750.SZ,427.0,435.082,439.89,False,False,0,110505.64016618006,0,0.0,110505.64016618006,1.1050564016618005,0.0,1.6261091435317416,-0.01624236839073845,1.3872389444794,-0.20341307742300752
2026-05-15,宁德时代,300750.SZ,423.6,432.40200000000004,438.29,False,False,0,110505.64016618006,0,0.0,110505.64016618006,1.1050564016618005,0.0,1.6131612018736436,-0.007962529274004537,1.3872389444794,-0.20341307742300752
2026-05-18,宁德时代,300750.SZ,417.23,426.62600000000003,437.0153333333334,False,False,0,110505.64016618006,0,0.0,110505.64016618006,1.1050564016618005,0.0,1.5889028523553832,-0.015037771482530715,1.3872389444794,-0.20341307742300752
2026-05-19,宁德时代,300750.SZ,417.92,423.96000000000004,435.6166666666667,False,False,0,110505.64016618006,0,0.0,110505.64016618006,1.1050564016618005,0.0,1.59153052286835,0.0016537641109219958,1.3872389444794,-0.20341307742300752
2026-05-20,宁德时代,300750.SZ,414.75,420.1,433.6066666666667,False,False,0,110505.64016618006,0,0.0,110505.64016618006,1.1050564016618005,0.0,1.579458471381241,-0.007585183767228165,1.3872389444794,-0.20341307742300752
2026-05-21,宁德时代,300750.SZ,411.63,417.026,432.0566666666666,False,False,0,110505.64016618006,0,0.0,110505.64016618006,1.1050564016618005,0.0,1.5675768308008684,-0.007522603978300291,1.3872389444794,-0.20341307742300752
2026-05-22,宁德时代,300750.SZ,411.16,414.538,430.956,False,False,0,110505.64016618006,0,0.0,110505.64016618006,1.1050564016618005,0.0,1.5657869682775432,-0.00114180210383108,1.3872389444794,-0.20341307742300752
2026-05-25,宁德时代,300750.SZ,402.88,411.668,428.14799999999997,False,False,0,110505.64016618006,0,0.0,110505.64016618006,1.1050564016618005,0.0,1.5342549221219393,-0.02013814573402084,1.3872389444794,-0.20341307742300752
2026-05-26,宁德时代,300750.SZ,402.5,408.584,425.9146666666666,False,False,0,110505.64016618006,0,0.0,110505.64016618006,1.1050564016618005,0.0,1.53280779923074,-0.0009432088959491214,1.3872389444794,-0.20341307742300752
2026-05-27,宁德时代,300750.SZ,414.8,408.594,422.9013333333333,False,False,0,110505.64016618006,0,0.0,110505.64016618006,1.1050564016618005,0.0,1.5796488822879777,0.03055900621118024,1.3872389444794,-0.20341307742300752
2026-05-28,宁德时代,300750.SZ,415.68,409.40400000000005,420.504,False,False,0,110505.64016618006,0,0.0,110505.64016618006,1.1050564016618005,0.0,1.5830001142465442,0.002121504339440694,1.3872389444794,-0.20341307742300752
2026-05-29,宁德时代,300750.SZ,424.0,411.97200000000004,419.63733333333334,False,False,0,110505.64016618006,0,0.0,110505.64016618006,1.1050564016618005,0.0,1.6146844891275374,0.02001539645881456,1.3872389444794,-0.20341307742300752
2026-06-01,宁德时代,300750.SZ,420.1,415.416,417.90333333333336,False,False,0,110505.64016618006,0,0.0,110505.64016618006,1.1050564016618005,0.0,1.599832438402072,-0.009198113207547154,1.3872389444794,-0.20341307742300752
2026-06-02,宁德时代,300750.SZ,433.89,421.69399999999996,418.0793333333333,True,False,1,23684.24595950007,200,0.7855896758772796,110462.24595950007,1.1046224595950007,-0.0003926877091045,1.652347766480064,0.03282551773387277,1.3872389444794,-0.2037258873167369
2026-06-03,宁德时代,300750.SZ,426.42,424.01800000000003,417.5706666666667,False,False,0,23684.24595950007,200,0.782650021105206,108968.24595950007,1.0896824595950008,-0.01352498301136984,1.6239003770135956,-0.017216345156606416,1.3872389444794,-0.21449548116317163
2026-06-04,宁德时代,300750.SZ,408.2,422.52200000000005,416.31733333333335,False,False,0,23684.24595950007,200,0.7751301635844867,105324.24595950007,1.0532424595950007,-0.033440934722895,1.5545146425987282,-0.04272782702499889,1.3872389444794,-0.24076348650213297
2026-06-05,宁德时代,300750.SZ,403.0,418.322,414.944,False,False,0,23684.24595950007,200,0.7728875944627522,104284.24595950007,1.0428424595950008,-0.00987426959980231,1.5347119082981076,-0.0127388535031846,1.3872389444794,-0.24826039252642496
2026-06-08,宁德时代,300750.SZ,393.02,412.90600000000006,413.33,False,True,-1,102248.94867574007,0,0.0,102248.94867574007,1.0224894867574008,-0.01951682409009725,1.4967058913134546,-0.024764267990074473,1.3872389444794,-0.2629319622070454
2026-06-09,宁德时代,300750.SZ,399.5,406.02799999999996,412.10200000000003,False,False,0,102248.94867574007,0,0.0,102248.94867574007,1.0224894867574008,0.0,1.5213831448265358,0.01648771054908149,1.3872389444794,-0.2629319622070454
2026-06-10,宁德时代,300750.SZ,388.5,398.44399999999996,410.35200000000003,False,False,0,102248.94867574007,0,0.0,102248.94867574007,1.0224894867574008,0.0,1.4794927453444535,-0.027534418022528095,1.3872389444794,-0.2629319622070454
2026-06-11,宁德时代,300750.SZ,382.2,393.244,408.39000000000004,False,False,0,102248.94867574007,0,0.0,102248.94867574007,1.0224894867574008,0.0,1.4555009710956244,-0.016216216216216384,1.3872389444794,-0.2629319622070454
2026-06-12,宁德时代,300750.SZ,394.85,391.61400000000003,407.30266666666665,False,False,0,102248.94867574007,0,0.0,102248.94867574007,1.0224894867574008,0.0,1.5036749305000192,0.033097854526425996,1.3872389444794,-0.2629319622070454
2026-06-15,宁德时代,300750.SZ,398.1,392.63,406.98400000000004,False,False,0,102248.94867574007,0,0.0,102248.94867574007,1.0224894867574008,0.0,1.5160516394379073,0.008230973787514362,1.3872389444794,-0.2629319622070454
2026-06-16,宁德时代,300750.SZ,403.53,393.43600000000004,407.0526666666667,False,False,0,102248.94867574007,0,0.0,102248.94867574007,1.0224894867574008,0.0,1.5367302639095168,0.0136397889977391,1.3872389444794,-0.2629319622070454
2026-06-17,宁德时代,300750.SZ,399.0,395.536,405.9993333333333,False,False,0,102248.94867574007,0,0.0,102248.94867574007,1.0224894867574008,0.0,1.5194790357591685,-0.011225931157534674,1.3872389444794,-0.2629319622070454
2026-06-18,宁德时代,300750.SZ,391.55,397.406,404.3906666666666,False,False,0,102248.94867574007,0,0.0,102248.94867574007,1.0224894867574008,0.0,1.4911078106553945,-0.01867167919799506,1.3872389444794,-0.2629319622070454
2026-06-22,宁德时代,300750.SZ,408.98,400.23199999999997,403.38933333333335,False,False,0,102248.94867574007,0,0.0,102248.94867574007,1.0224894867574008,0.0,1.5574850527438213,0.044515387562252595,1.3872389444794,-0.2629319622070454
2026-06-23,宁德时代,300750.SZ,392.51,399.114,401.55,False,False,0,102248.94867574007,0,0.0,102248.94867574007,1.0224894867574008,0.0,1.4947637000647398,-0.04027091789329551,1.3872389444794,-0.2629319622070454
2026-06-24,宁德时代,300750.SZ,395.36,397.48,398.98133333333334,False,False,0,102248.94867574007,0,0.0,102248.94867574007,1.0224894867574008,0.0,1.505617121748734,0.007260961504165664,1.3872389444794,-0.2629319622070454
2026-06-25,宁德时代,300750.SZ,401.9,398.06,397.34666666666664,True,False,1,21828.753852940077,200,0.7864297036206145,102208.75385294008,1.0220875385294008,-0.00039310744335829817,1.530522868349899,0.01654188587616323,1.3872389444794,-0.26322170913896337
2026-06-26,宁德时代,300750.SZ,381.0,395.95,395.53333333333336,False,False,0,21828.753852940077,200,0.777322948675988,98028.75385294008,0.9802875385294008,-0.040896692723739414,1.4509311093339428,-0.0520029858173674,1.3872389444794,-0.2933535045058291
2026-06-29,宁德时代,300750.SZ,392.36,392.62600000000003,394.824,False,True,-1,100261.52256126008,0,0.0,100261.52256126008,1.0026152256126009,0.02277667133940664,1.4941924673445297,0.029816272965879298,1.3872389444794,-0.2772584495248148
2026-06-30,宁德时代,300750.SZ,393.01,392.726,394.8233333333333,False,False,0,100261.52256126008,0,0.0,100261.52256126008,1.0026152256126009,0.0,1.4966678091321073,0.0016566418595167498,1.3872389444794,-0.2772584495248148
2026-07-01,宁德时代,300750.SZ,383.84,390.42199999999997,393.7793333333333,False,False,0,100261.52256126008,0,0.0,100261.52256126008,1.0026152256126009,0.0,1.4617464488365894,-0.023332739624945975,1.3872389444794,-0.2772584495248148
2026-07-02,宁德时代,300750.SZ,382.35,386.512,393.3693333333333,False,False,0,100261.52256126008,0,0.0,100261.52256126008,1.0026152256126009,0.0,1.4560722038158347,-0.0038818257607335926,1.3872389444794,-0.2772584495248148
2026-07-03,宁德时代,300750.SZ,380.0,386.312,393.22266666666667,False,False,0,100261.52256126008,0,0.0,100261.52256126008,1.0026152256126009,0.0,1.447122891199208,-0.006146201124624051,1.3872389444794,-0.2772584495248148
