trade_date,open,high,low,close,pre_close,change,pct_chg,vol,amount,rsi_14,ema_12,ema_26,dif,dea,macd_bar,bb_middle,bb_upper,bb_lower,bb_bandwidth,tr,atr_14,atr_pct
2025-07-03,1412.0,1422.69,1408.0,1415.6,1409.6,6.0,0.43,24413,3456733002.0,,1415.6,1415.6,0.0,0.0,0.0,,,,,14.690000000000055,,
2025-07-04,1415.7,1431.89,1410.01,1422.22,1415.6,6.62,0.47,28767,4086547268.0,,1416.6184615384614,1416.0903703703702,0.5280911680911231,0.10561823361822463,0.8449458689457969,,,,,21.88000000000011,,
2025-07-07,1422.28,1423.5,1410.01,1410.7,1422.22,-11.52,-0.81,23855,3370562659.0,,1415.7079289940827,1415.6910836762688,0.016845317813931615,0.08786365045736604,-0.14203666528686884,,,,,13.490000000000009,,
2025-07-08,1410.71,1420.0,1410.7,1416.11,1410.7,5.41,0.38,18674,2643302691.0,,1415.769786071916,1415.7221145150638,0.047671556852264985,0.07982523173634583,-0.06430734976816169,,,,,9.299999999999955,,
2025-07-09,1415.0,1429.97,1414.17,1418.88,1416.11,2.77,0.2,27745,3950810723.0,,1416.2482805223906,1415.9560319583925,0.2922485639981005,0.12230989818869677,0.3398773316188075,,,,,15.799999999999955,,
2025-07-10,1418.97,1436.18,1410.4,1426.5,1418.88,7.62,0.54,38725,5503329754.0,,1417.8254681343305,1416.7370666281413,1.088401506189257,0.3155282197888088,1.5457465728008963,,,,,25.779999999999973,,
2025-07-11,1423.16,1458.0,1423.16,1427.0,1426.5,0.5,0.04,57243,8239010390.0,,1419.2369345752027,1417.4972839149457,1.7396506602569843,0.600352707882444,2.2785959047490807,,,,,34.83999999999992,,
2025-07-14,1430.0,1434.98,1421.6,1423.6,1427.0,-3.4,-0.24,27781,3961736006.0,,1419.908175409787,1417.949336958283,1.9588384515038797,0.8720498566067312,2.173577189794297,,,,,13.38000000000011,,
2025-07-15,1420.98,1422.93,1408.32,1411.0,1423.6,-12.6,-0.89,35406,5005150165.0,,1418.5376868852043,1417.4345712576696,1.1031156275346348,0.918263010792312,0.36970523348464557,,,,,15.279999999999973,,
2025-07-16,1410.01,1417.49,1409.95,1411.03,1411.0,0.03,0.0,21286,3006882579.0,,1417.3826581336343,1416.9601585719163,0.42249956171804115,0.8191103209774578,-0.7932215185188334,,,,,7.539999999999964,,
2025-07-17,1413.98,1423.01,1412.88,1416.35,1411.03,5.32,0.38,23106,3273100406.0,,1417.2237876515367,1416.9149616406633,0.30882601087341754,0.7170534589566498,-0.8164548961664646,,,,,11.980000000000018,,
2025-07-18,1420.0,1437.81,1416.38,1437.0,1416.35,20.65,1.46,41823,5984949774.0,,1420.2662818589927,1418.4027422598733,1.863539599119349,0.9463506869891898,1.8343778242603186,,,,,21.460000000000036,,
2025-07-21,1436.99,1446.8,1435.0,1443.0,1437.0,6.0,0.42,26203,3779891829.0,,1423.7637769576093,1420.2247613517345,3.539015605874738,1.4648836707662996,4.148263870216876,,,,,11.799999999999955,,
2025-07-22,1444.0,1466.6,1440.68,1464.98,1443.0,21.98,1.52,42119,6127636851.0,,1430.1047343487462,1423.539964214569,6.564770134177252,2.48486096344849,8.159818341457523,,,,,25.919999999999845,17.36714285714285,1.1854866863126357
2025-07-23,1469.0,1495.0,1468.95,1475.5,1464.98,10.52,0.72,45045,6676301462.0,76.05707325561164,1437.088621372016,1427.3888557542305,9.699765617785488,3.92784189431589,11.543847446939196,,,,,30.019999999999982,18.462142857142844,1.2512465508060213
2025-07-24,1476.0,1499.0,1475.0,1491.5,1475.5,16.0,1.08,38804,5786337377.0,77.86357786357786,1445.4596026993981,1432.1378294020653,13.321773297332811,5.8066281749192745,15.030290244827073,,,,,24.0,18.613571428571408,1.2479766294717671
2025-07-25,1491.4,1491.4,1453.0,1455.0,1491.5,-36.5,-2.45,41911,6140078741.0,64.83590087073006,1446.92735613026,1433.831323520431,13.09603260982908,7.2645090619012365,11.663047095855688,,,,,38.5,20.399999999999977,1.4020618556701014
2025-07-28,1453.0,1454.99,1436.3,1438.66,1455.0,-16.34,-1.12,38586,5560966386.0,57.036759657991695,1445.6554551871432,1434.1890032596582,11.466451927484968,8.104897635017982,6.723108584933971,,,,,18.700000000000045,21.071428571428555,1.4646565951252244
2025-07-29,1439.6,1448.79,1435.01,1439.0,1438.66,0.34,0.02,26304,3785848102.0,56.37515842839035,1444.6315390045058,1434.5453733885724,10.086165615933396,8.501151231201066,3.170028769464661,,,,,13.779999999999973,20.927142857142844,1.4542837287799057
2025-07-30,1444.0,1457.16,1437.0,1449.44,1439.0,10.44,0.73,31868,4612883040.0,57.14107832150419,1445.371302234582,1435.648679063493,9.722623171088799,8.745445619178613,1.9543551038203724,1434.6535,1480.413207983518,1388.8937920164817,0.06379199992683694,20.160000000000082,20.52571428571428,1.4161134152303152
2025-07-31,1443.0,1444.87,1418.0,1421.67,1449.44,-27.77,-1.92,51798,7386302758.0,48.58161690350739,1441.7249480446462,1434.6132213550861,7.111726689560101,8.41870183325491,-2.6139502873896205,1434.957,1480.2628839445829,1389.6511160554173,0.06314598130060033,31.440000000000055,20.282857142857146,1.4266923507464562
2025-08-01,1421.87,1425.96,1414.0,1417.0,1421.67,-4.67,-0.33,29636,4200850790.0,48.255445125819435,1437.9211098839314,1433.3085382917463,4.612571592185077,7.657475785040945,-6.089808385711736,1434.6960000000001,1480.3694866773185,1389.0225133226818,0.06366991568571788,11.960000000000036,20.18142857142857,1.4242363141445709
2025-08-04,1415.0,1419.8,1414.0,1419.0,1417.0,2.0,0.14,18688,2647105740.0,52.24014336917563,1435.0101699017882,1432.2486465664317,2.7615233353565145,6.678285295104059,-7.833523919495089,1435.111,1480.01072917513,1390.21127082487,0.06257317960092286,5.7999999999999545,19.50428571428571,1.3745092117185138
2025-08-05,1421.0,1429.94,1417.11,1427.74,1419.0,8.74,0.62,25342,3607931488.0,54.46147273989428,1433.89168222459,1431.914672746696,1.9770094778941711,5.738030131662082,-7.522041307535822,1435.6924999999999,1479.8512155967867,1391.533784403213,0.061515562137138435,12.830000000000155,19.882142857142867,1.3925604701936534
2025-08-06,1429.0,1429.0,1419.3,1423.88,1427.74,-3.86,-0.27,23699,3372334940.0,52.026263387331205,1432.3514234208071,1431.3195118024962,1.0319116183109145,4.796806428991849,-7.52978962136187,1435.9425,1479.755710636928,1392.1292893630723,0.061023628225960025,9.700000000000045,19.719285714285725,1.3848980050485802
2025-08-07,1423.88,1427.7,1420.06,1422.35,1423.88,-1.53,-0.11,28001,3988765795.0,45.60561521387003,1430.812742894529,1430.65510352083,0.15763937369911218,3.868973017933302,-7.4226672884683795,1435.7350000000001,1479.7752253926067,1391.6947746073936,0.0613486825808475,7.6400000000001,18.732142857142872,1.3169854717293825
2025-08-08,1423.05,1426.5,1418.0,1420.97,1422.35,-1.38,-0.1,18655,2651478118.0,43.20355401986796,1429.2984747569092,1429.9376884452129,-0.6392136883036983,2.9673356766859023,-7.213098729979201,1435.4335,1479.8068178598892,1391.060182140111,0.06182566849650518,8.5,18.49642857142859,1.3016762191621634
2025-08-11,1423.5,1451.99,1423.0,1445.0,1420.97,24.03,1.69,47159,6794034090.0,43.912990494759924,1431.714094025077,1431.053415227049,0.6606787980279023,2.5060043009543023,-3.6906510058528,1436.5035,1480.707088935027,1392.299911064973,0.061543308366498274,31.019999999999982,18.860714285714316,1.305239742956008
2025-08-12,1449.0,1465.07,1436.0,1437.04,1445.0,-7.96,-0.55,42019,6095342036.0,38.09730131220598,1432.533464175065,1431.4968659509714,1.0365982240937228,2.2121230855821863,-2.351049722976927,1437.8055,1480.3489818929875,1395.2620181070124,0.05917835464252645,29.069999999999936,18.79285714285717,1.3077476718015622
2025-08-13,1425.0,1433.68,1420.0,1420.05,1437.04,-16.99,-1.18,65528,9325460101.0,28.022147031682536,1430.612931225055,1430.648949954603,-0.03601872954800456,1.7624947225561483,-3.5970269042083056,1438.2565,1479.7839535825717,1396.7290464174282,0.05774693677041856,17.039999999999964,18.295714285714308,1.2883852178243238
2025-08-14,1420.94,1447.51,1420.94,1426.99,1420.05,6.94,0.49,48129,6897535330.0,39.46913301752012,1430.0555571904313,1430.3779166246325,-0.3223594342011893,1.3455238912046807,-3.33576665081174,1438.7884999999999,1479.3967528687535,1398.1802471312462,0.05644784187356746,27.460000000000036,17.507142857142885,1.2268581319520728
2025-08-15,1426.01,1428.66,1420.22,1422.08,1426.99,-4.91,-0.34,47582,6772436997.0,43.18032247449813,1428.8285483919035,1429.763256133919,-0.9347077420154619,0.8894775645606523,-3.6483706131522284,1438.0425,1479.3315666680153,1396.7534333319848,0.05742398665966446,8.440000000000055,16.774285714285742,1.179559920277744
2025-08-18,1426.99,1436.64,1423.1,1428.5,1422.08,6.42,0.45,47378,6773477871.0,45.88686931996241,1428.778002485457,1429.6696816054805,-0.8916791200235821,0.5332462276438055,-2.849850695334775,1437.3174999999999,1478.7490119710894,1395.8859880289103,0.05765116193337874,14.560000000000173,16.83000000000004,1.1781589079454
2025-08-19,1433.5,1446.66,1432.0,1438.0,1428.5,9.5,0.67,46372,6678541001.0,45.48539857932122,1430.1967713338481,1430.2867422272968,-0.08997089344870801,0.4086028034253028,-0.9971473937480216,1435.9685,1475.3119653304782,1396.6250346695217,0.05479711474238918,18.160000000000082,16.6871428571429,1.1604410888138315
2025-08-20,1438.0,1452.8,1430.02,1450.0,1438.0,12.0,0.83,45805,6623095725.0,62.769313981790255,1433.2434218978715,1431.7469835437932,1.4964383540782364,0.6261699135558896,1.7405368810446937,1434.6934999999999,1470.09851081099,1399.2884891890096,0.049355504588248625,22.779999999999973,16.068571428571463,1.1081773399014803
2025-08-21,1453.45,1454.99,1443.65,1448.25,1450.0,-1.75,-0.12,30891,4470441662.0,64.46625312471065,1435.5521262212758,1432.969429207216,2.582697014059704,1.0174753336566527,3.130443360806103,1432.531,1456.8856921016966,1408.1763078983033,0.03400232469900704,11.339999999999918,16.024285714285742,1.106458533698308
2025-08-22,1448.88,1464.0,1444.77,1463.95,1448.25,15.7,1.08,44971,6544867368.0,68.46602579903046,1439.921029879541,1435.2642863029778,4.656743576563258,1.7453289822379738,5.8228291886505685,1432.9785,1459.3194221554602,1406.6375778445397,0.0367638762974605,19.230000000000018,16.98357142857146,1.1601196371851128
2025-08-25,1470.01,1496.0,1466.0,1490.33,1463.95,26.38,1.8,65325,9676719498.0,72.45783997129524,1447.6762560519194,1439.3432280583127,8.33302799360672,3.0628687845117235,10.540318418189994,1435.562,1472.3234945002885,1398.8005054997113,0.051215474497497936,32.049999999999955,18.356428571428587,1.2317022787858118
2025-08-26,1490.32,1494.23,1480.01,1481.61,1490.33,-8.72,-0.59,39602,5883917000.0,70.01594896331727,1452.8968320439317,1442.4741000539932,10.422731989938484,4.534841425597076,11.775781128682816,1437.6924999999999,1479.8376211511143,1395.5473788488855,0.058628839130919,14.220000000000027,18.67928571428573,1.2607424163096719
2025-08-27,1481.88,1484.93,1448.0,1448.0,1481.61,-33.61,-2.27,56006,8184169113.0,57.274944693402944,1452.1434732679422,1442.8834259759196,9.260047292022591,5.479882598882179,7.560329386280824,1437.6205,1479.6859640067748,1395.5550359932251,0.058520957383085236,36.930000000000064,20.771428571428583,1.4344909234412004
2025-08-28,1447.97,1456.1,1438.77,1446.1,1448.0,-1.9,-0.13,39282,5683673273.0,57.10649850121596,1451.2137081497972,1443.1216907184441,8.092017431353042,6.002309565376352,4.17941573195338,1438.8419999999999,1480.3726677300672,1397.3113322699326,0.05772790581602054,17.329999999999927,21.402142857142866,1.479990516364212
2025-08-29,1453.0,1482.58,1452.0,1480.0,1446.1,33.9,2.34,62256,9159701454.0,59.37433040497106,1455.6423684344438,1445.8534173318926,9.78895110255121,6.759637872811324,6.05862645947977,1441.9919999999997,1486.0284459582235,1397.955554041776,0.061077240315097175,36.48000000000002,21.792142857142867,1.4724420849420856
2025-09-01,1482.2,1488.0,1465.7,1476.1,1480.0,-3.9,-0.26,45123,6658918555.0,60.69433796955423,1458.7896963676062,1448.0939049369376,10.695791430668578,7.546868584382775,6.297845692571606,1444.847,1489.996911278108,1399.697088721892,0.062497844101289605,22.299999999999955,21.30857142857144,1.4435723479826192
2025-09-02,1478.66,1509.0,1478.0,1491.3,1476.1,15.2,1.03,56688,8470012816.0,69.70082397832213,1463.7912815418206,1451.2943564230904,12.496925118730132,8.536879891252246,7.920090454955773,1448.025,1496.8990204370807,1399.1509795629195,0.06750438761358486,32.90000000000009,22.44142857142859,1.5048232127290682
2025-09-03,1491.0,1503.5,1466.0,1480.55,1491.3,-10.75,-0.72,45045,6656011145.0,64.50389948006928,1466.369545920002,1453.4614411324912,12.908104787510865,9.41112487050397,6.99395983401379,1450.8584999999998,1500.404867554995,1401.3121324450046,0.0682993793743431,37.5,23.158571428571445,1.5641870540387994
2025-09-04,1472.0,1479.3,1460.47,1472.66,1480.55,-7.89,-0.53,47747,7017084750.0,63.4793732011513,1467.3373080861556,1454.8835566041585,12.453751481997188,10.019650192802615,4.868202578389145,1453.374,1501.9246096877532,1404.8233903122468,0.06681089614614434,20.079999999999927,23.99000000000001,1.629025029538387
2025-09-05,1471.0,1486.97,1464.0,1483.0,1472.66,10.34,0.7,37388,5519312163.0,64.22679335908948,1469.7469529959778,1456.9662561149614,12.78069688101641,10.571859530445375,4.417674701142072,1456.4755,1504.2288414537654,1408.7221585462346,0.06557383416853275,22.970000000000027,24.590714285714284,1.6581735863596954
2025-09-08,1483.0,1506.44,1477.5,1501.23,1483.0,18.23,1.23,51383,7682065696.0,65.78618864532882,1474.5904986889043,1460.2450519582976,14.345446730606682,11.326576970477637,6.037739520258089,1459.2869999999998,1510.6781731515696,1407.89582684843,0.07043326384949607,28.940000000000055,25.360714285714284,1.6893290359048434
2025-09-09,1505.0,1509.95,1493.42,1505.0,1501.23,3.77,0.25,35743,5366650005.0,64.31993334721932,1479.268883505996,1463.56023329472,15.70865021127588,12.202991618637286,7.011317185277189,1462.685,1516.7975950899443,1408.5724049100556,0.07399077052125962,16.529999999999973,24.91428571428571,1.6554342667299475
2025-09-10,1506.66,1529.95,1496.0,1522.01,1505.0,17.01,1.13,49663,7541460049.0,67.79064158224796,1485.8444398896888,1467.8898456432594,17.95459424642945,13.35331214419572,9.202564204467464,1467.783,1524.1478674077614,1411.4181325922384,0.07680272548157527,33.950000000000045,26.52928571428572,1.7430427996061604
2025-09-11,1522.01,1526.02,1508.5,1523.5,1522.01,1.49,0.1,37239,5642778456.0,65.42027034025583,1491.6376029835828,1472.0091163363513,19.62848664723151,14.608347044802878,10.040279204857267,1472.6085,1530.7650003924282,1414.451999607572,0.07898433343611441,17.519999999999982,26.407142857142862,1.7333208307937553
2025-09-12,1526.0,1538.02,1510.53,1516.0,1523.5,-7.5,-0.49,33722,5132184935.0,57.367544917054154,1495.3856640630318,1475.2677003114363,20.117963751595425,15.710270386161389,8.815386730868074,1477.3045,1533.4134029336767,1421.1955970663232,0.07596118868341191,27.49000000000001,26.081428571428578,1.7204108556351305
2025-09-15,1515.87,1517.48,1501.5,1515.1,1516.0,-0.9,-0.06,25827,3901929718.0,60.06370575154757,1498.4186388225653,1478.2182410291077,20.20039779345757,16.608295867620626,7.184203851673885,1481.6345,1535.1933909420932,1428.0756090579066,0.07229703539178291,15.980000000000018,26.207142857142863,1.7297302393995688
2025-09-16,1515.1,1520.99,1496.21,1499.98,1515.1,-15.12,-1.0,32718,4928374478.0,67.57268424611223,1498.6588482344782,1479.8302231750997,18.82862505937851,17.052361705972203,3.552526706812614,1484.7334999999998,1534.7148587460854,1434.7521412539143,0.06732704387162486,24.779999999999973,25.339285714285715,1.6893082383955598
2025-09-17,1499.99,1510.28,1490.01,1493.0,1499.98,-6.98,-0.47,30331,4534770634.0,65.3288011504772,1497.7882561984047,1480.8057621991663,16.982493999238386,17.03838816462544,-0.11178833077411099,1486.8835,1534.202386971379,1439.564613028621,0.06364841222782958,20.269999999999982,25.54928571428572,1.7112716486460628
2025-09-18,1492.0,1497.8,1463.5,1467.96,1493.0,-25.04,-1.68,49721,7347477479.0,45.822925339994455,1493.1992937063426,1479.8542242584874,13.345069447855167,16.29972442127139,-5.909309946832444,1487.8690000000001,1532.5473672603673,1443.190632739633,0.06005685616188947,34.299999999999955,25.393571428571427,1.7298544530212967
2025-09-19,1467.99,1475.5,1457.01,1467.97,1467.96,0.01,0.0,32637,4784528851.0,47.101190900663234,1489.3178639053667,1478.9739113504513,10.343952554915404,15.108570048000193,-9.529234986169577,1488.07,1532.329490804972,1443.8105091950279,0.059485764520448736,18.49000000000001,25.121428571428574,1.7113039484068864
2025-09-22,1465.09,1467.97,1450.01,1453.35,1467.97,-14.62,-1.0,34947,5085057536.0,36.41245972073036,1483.784346381464,1477.0758438430105,6.708502538453558,13.428556546090867,-13.440108015274618,1486.221,1533.0954836434678,1439.3465163565322,0.06307875294921521,17.960000000000036,24.054285714285715,1.6550924219414263
2025-09-23,1450.5,1457.5,1440.0,1447.42,1453.35,-5.93,-0.41,38663,5588384388.0,37.7141585700512,1478.1898315535466,1474.879114669454,3.3107168840924714,11.404988613691188,-16.188543459197433,1484.5115,1534.4853673919172,1434.537632608083,0.06732701955076414,17.5,22.625714285714285,1.5631754629419439
2025-09-24,1434.07,1456.78,1434.07,1442.0,1447.42,-5.42,-0.37,30744,4443052872.0,38.417951042611016,1472.6221651606934,1472.443624693939,0.1785404667543844,9.159698984303828,-17.962317035098888,1484.2115,1535.1705718229077,1433.252428177092,0.06866820776271824,22.710000000000036,22.813571428571436,1.582078462452943
2025-09-25,1442.83,1445.21,1436.0,1439.0,1442.0,-3.0,-0.21,33870,4873274661.0,32.40281554951207,1467.4495243667404,1469.9663191610546,-2.516794794314137,6.824400228580235,-18.682390045788743,1483.8565,1536.0181940615246,1431.6948059384756,0.07030557747534817,9.210000000000036,21.830714285714294,1.517075349945399
2025-09-26,1441.18,1447.11,1428.01,1435.0,1439.0,-4.0,-0.28,45121,6480889597.0,20.11011824171854,1462.4572898487804,1467.376221445421,-4.918931596640505,4.475733863536088,-18.789330920353187,1481.6065,1538.165432571999,1425.0475674280012,0.07634811614554723,19.09999999999991,21.127857142857142,1.4723245395719262
2025-09-29,1439.38,1469.99,1435.0,1460.86,1435.0,25.86,1.8,53684,7798434586.0,33.39102950030096,1462.2115529489681,1466.8935383753897,-4.681985426421534,2.644190005544564,-14.652350863932195,1480.8445,1538.121883972529,1423.5671160274708,0.07735772928559231,34.99000000000001,22.446428571428573,1.5365215401495402
2025-09-30,1460.0,1460.76,1440.0,1443.99,1460.86,-16.87,-1.15,39364,5687474876.0,20.6117221636281,1459.4082371106654,1465.1969799772125,-5.788742866547182,0.9576034311262149,-13.492692595346792,1478.479,1537.8091978315983,1419.1488021684017,0.08025842481577121,20.8599999999999,21.51142857142856,1.4897214365354718
2025-10-09,1436.0,1439.38,1420.0,1436.78,1443.99,-7.21,-0.5,54918,7845448947.0,18.68409648996095,1455.9269698628707,1463.092018497419,-7.165048634548384,-0.6669269820087049,-12.996243305079359,1476.2905,1538.4601671596095,1414.1208328403907,0.08422416476920956,23.99000000000001,21.97357142857142,1.5293622843143295
2025-10-10,1437.6,1439.94,1427.5,1430.0,1436.78,-6.78,-0.47,36001,5157459262.0,18.781762741396776,1451.9382052685828,1460.6407578679807,-8.702552599397904,-2.274052105486545,-12.857000987822719,1474.1575,1539.688058199168,1408.6269418008321,0.08890577594207932,12.440000000000055,20.898571428571422,1.461438561438561
2025-10-13,1415.7,1422.85,1415.12,1419.2,1430.0,-10.8,-0.76,46069,6533147458.0,17.522351666215087,1446.9015583041855,1457.571072099982,-10.669513795796547,-3.953144443548546,-13.432738704496003,1470.9675000000002,1540.7586497556129,1401.1763502443875,0.09489149115206508,14.88000000000011,20.82,1.4670236753100339
2025-10-14,1429.99,1464.0,1429.99,1451.02,1419.2,31.82,2.24,66672,9639484605.0,35.10405257393205,1447.5351647189261,1457.0858074999835,-9.550642781057377,-5.072644111050312,-8.955997340014129,1468.4569999999999,1537.2700241956218,1399.643975804378,0.09372153790764305,44.799999999999955,22.25,1.5334040881586746
2025-10-15,1450.98,1463.0,1445.08,1462.0,1451.02,10.98,0.76,42785,6233407482.0,40.79244386360934,1449.7605239929376,1457.449821759244,-7.689297766306481,-5.595974842101547,-4.186645848409869,1466.307,1532.9659203885597,1399.6480796114404,0.09092082406830171,17.920000000000073,22.082142857142863,1.5104064881766663
2025-10-16,1461.92,1484.95,1458.88,1484.91,1462.0,22.91,1.57,45730,6749162949.0,55.098971181036056,1455.1681356863319,1459.483909036337,-4.315773350005202,-5.339934543682278,2.048322387354153,1464.452,1526.4887163269584,1402.4152836730416,0.08472345468060191,26.069999999999936,21.49428571428572,1.4475143755706217
2025-10-17,1483.1,1488.0,1454.03,1455.0,1484.91,-29.91,-2.01,38086,5594724900.0,46.69318239763397,1455.1422686576655,1459.151767626238,-4.009498968572643,-5.073847428660351,2.1286969201754165,1461.027,1516.560193146555,1405.493806853445,0.07601939340827384,33.97000000000003,22.600000000000005,1.553264604810997
2025-10-20,1455.0,1469.5,1454.88,1457.93,1455.0,2.93,0.2,25950,3793283759.0,51.24173083179703,1455.5711504026401,1459.061266320591,-3.4901159179507886,-4.757101126518439,2.5339704171353006,1458.1235000000001,1507.2584339868768,1408.9885660131235,0.06739474946652543,14.61999999999989,22.36142857142857,1.5337793015733654
2025-10-21,1459.0,1469.94,1455.5,1462.26,1457.93,4.33,0.3,25443,3727984130.0,54.05863691062245,1456.6002041868494,1459.2982095561026,-2.6980053692532238,-4.345281975065396,3.2945532116243452,1455.4815,1496.773359921654,1414.1896400783462,0.05673979356199841,14.440000000000055,22.142857142857142,1.5142900129154284
2025-10-22,1462.08,1465.73,1456.0,1458.7,1462.26,-3.56,-0.24,18195,2657486636.0,54.61427939876218,1456.9232496965649,1459.253897737132,-2.330648040567212,-3.9423551881657595,3.223414295197095,1453.4175,1489.0881406623598,1417.7468593376402,0.04908519494551263,9.730000000000018,21.215714285714284,1.4544261524449362
2025-10-23,1455.0,1468.8,1447.2,1467.98,1458.7,9.28,0.64,29322,4274652090.0,57.738731040375995,1458.6242882047857,1459.9002756825298,-1.2759874777441382,-3.4090816460814355,4.2661883366745945,1452.1665,1483.4810886802077,1420.8519113197924,0.04312809678533093,21.59999999999991,22.100714285714275,1.5055187595004207
2025-10-24,1467.95,1478.88,1449.34,1450.0,1467.98,-17.98,-1.22,38226,5578603148.0,53.727263691481966,1457.2974746348186,1459.1669219282683,-1.869447293449639,-3.1011547755550763,2.463414964210875,1451.2685,1481.6935501188889,1420.843449881111,0.04192890580742155,29.54000000000019,22.846428571428582,1.5756157635467987
2025-10-27,1440.0,1452.49,1435.99,1440.41,1450.0,-9.59,-0.66,37102,5352667152.0,44.471478778048166,1454.6994016140773,1457.777520303952,-3.0781186898748274,-3.0965475584190267,0.03685773708839868,1449.8905,1479.6190497902548,1420.161950209745,0.04100799307293189,16.5,21.525714285714294,1.4944157764604724
2025-10-28,1442.0,1451.2,1441.1,1445.0,1440.41,4.59,0.32,27124,3923817140.0,50.29246539642091,1453.2071859811424,1456.8310373184743,-3.623851337331871,-3.202008314201596,-0.84368604626055,1449.473,1479.2314996084724,1419.7145003915275,0.041061129953400236,10.789999999999964,20.806428571428587,1.4398912506178954
2025-10-29,1440.02,1446.55,1430.04,1431.9,1445.0,-13.1,-0.91,33937,4868780319.0,48.63351254480289,1449.929157368659,1454.984293813402,-5.055136444743084,-3.572633940309894,-2.96500500886638,1448.6970000000001,1479.4729353015357,1417.9210646984645,0.04248774630103545,16.50999999999999,20.27214285714287,1.4157512994722306
2025-10-30,1421.81,1436.63,1421.81,1426.74,1431.9,-5.16,-0.36,47456,6768821311.0,49.078783768509105,1446.3615946965576,1452.8921239012982,-6.53052920474056,-4.164212993196028,-4.732632423089065,1447.934,1480.1327841548828,1415.7352158451172,0.044475485975027575,14.820000000000164,20.442142857142876,1.4327868327195479
2025-10-31,1422.0,1435.98,1420.11,1430.01,1426.74,3.27,0.23,35694,5109623861.0,53.19048462310371,1443.845964743241,1451.1971517604613,-7.351187017220354,-4.8016077980008935,-5.099158438438922,1447.4845,1480.450289268655,1414.518710731345,0.045549073953683156,15.870000000000118,20.512857142857165,1.4344555033081703
2025-11-03,1431.0,1448.0,1420.1,1435.0,1430.01,4.99,0.35,34548,4945310830.0,44.38210127647637,1442.4850470904346,1449.997362741168,-7.512315650733399,-5.343749368547395,-4.337132564372007,1447.4845,1480.450289268655,1414.518710731345,0.045549073953683156,27.90000000000009,19.305714285714316,1.345345943255353
2025-11-04,1435.1,1435.78,1423.78,1429.0,1435.0,-6.0,-0.42,26566,3793892903.0,38.008720930232556,1440.410424461137,1448.4420025381185,-8.031578076981532,-5.8813151102342225,-4.300525933494619,1445.8915000000002,1479.2130601296492,1412.5699398703512,0.046091370105777664,12.0,18.88285714285717,1.3214035789263239
2025-11-05,1425.89,1430.99,1420.01,1420.08,1429.0,-8.92,-0.62,34475,4908475373.0,23.776393495671783,1437.2826668517312,1446.3411134612209,-9.058446609489692,-6.5167414100853165,-5.083410398808752,1444.6960000000001,1479.9636493479006,1409.4283506520997,0.04882362704389087,10.980000000000018,17.80500000000003,1.2538026026702742
2025-11-06,1430.0,1441.45,1429.99,1435.13,1420.08,15.05,1.06,38348,5505960415.0,40.864367816092006,1436.9514873360802,1445.5106606122415,-8.559173276161346,-6.925227783300523,-3.267890985721646,1444.6135,1479.9667336196926,1409.2602663803073,0.048944902729612695,21.37000000000012,16.905000000000037,1.1779420679659707
2025-11-07,1435.11,1439.78,1431.11,1433.33,1435.13,-1.8,-0.13,18861,2704995856.0,38.57089760267603,1436.3943354382216,1444.6083894557792,-8.2140540175576,-7.1829930301519385,-2.0621219748113244,1444.78,1479.873863311203,1409.686136688797,0.04858021748806461,8.670000000000073,16.48000000000005,1.1497701157444589
2025-11-10,1435.0,1463.69,1434.98,1462.3,1433.33,28.97,2.02,49452,7181246441.0,50.015121729925895,1440.3798222938797,1445.9188791257216,-5.53905683184189,-6.854205790489929,2.630297917296078,1446.935,1480.6824674293473,1413.1875325706526,0.04664683269026923,30.360000000000127,17.617142857142913,1.2047557175096022
2025-11-11,1462.0,1462.18,1447.0,1458.99,1462.3,-3.31,-0.23,26692,3882776772.0,50.10984016362395,1443.2429265563596,1446.887110301594,-3.644183745234386,-6.21220138143882,5.1360352724088685,1447.3335000000002,1481.4700513474174,1413.196948652583,0.04717164543958562,15.299999999999955,18.01500000000005,1.234758291694943
2025-11-12,1459.98,1478.36,1459.21,1465.15,1458.99,6.16,0.42,32992,4849073051.0,48.902164636511785,1446.6132455476888,1448.2399169459204,-1.626671398231565,-5.29509538479737,7.33684797313161,1447.491,1481.9401080932607,1413.0418919067392,0.047598372761227185,19.36999999999989,17.855714285714335,1.2186953066726502
2025-11-13,1462.12,1473.58,1458.0,1470.38,1465.15,5.23,0.36,31179,4569178269.0,58.773893576717775,1450.269669309583,1449.8799230980744,0.3897462115085091,-4.158127065536195,9.095746554089407,1446.7644999999998,1478.3879047070088,1415.1410952929907,0.0437160363099994,15.579999999999927,16.85857142857146,1.146545207944304
2025-11-14,1470.0,1478.95,1456.3,1456.6,1470.38,-13.78,-0.94,27473,4031007106.0,56.72733316712364,1451.2435663388778,1450.3777065722911,0.8658597665867092,-3.153329699111614,8.038378931396647,1446.8445,1478.5635770921706,1415.1254229078293,0.04384586884377784,22.65000000000009,17.29785714285718,1.18755026382378
2025-11-17,1454.0,1473.0,1445.79,1471.0,1456.6,14.4,0.99,34462,5035780027.0,59.98924235438752,1454.2830176713583,1451.9052838632326,2.3777338081256403,-2.047116997664163,8.849701611579608,1447.498,1480.6833896831297,1414.3126103168704,0.0458520698241098,27.210000000000036,18.47071428571433,1.2556569874720822
2025-11-18,1470.7,1486.07,1469.0,1476.0,1471.0,5.0,0.34,34205,5055675474.0,68.06784660766945,1457.6240918757646,1453.6900776511413,3.934014224623297,-0.8508907532066712,9.569809955659936,1448.185,1483.1768513822576,1413.1931486177423,0.04832511230575882,17.069999999999936,18.510714285714325,1.2541134339914854
2025-11-19,1474.0,1479.53,1469.96,1471.01,1476.0,-4.99,-0.34,22045,3249449214.0,68.1627964224172,1459.6834623564162,1454.9730348621679,4.710427494248279,0.26137289628431887,8.89810919592792,1448.8004999999998,1484.983891057516,1412.6171089424836,0.04994944584505079,9.569999999999936,18.135714285714307,1.2328749828834817
2025-11-20,1472.0,1479.9,1465.03,1467.11,1471.01,-3.9,-0.27,24002,3531653943.0,65.142857142857,1460.8260066092753,1455.872069316822,4.953937292453247,1.1998857755181047,7.5081030338702845,1448.757,1484.8452725374455,1412.6687274625547,0.04981963509055748,14.870000000000118,18.064285714285738,1.231283660685684
2025-11-21,1470.5,1480.0,1456.0,1466.6,1467.11,-0.51,-0.03,42607,6259873433.0,63.38756143026592,1461.7143132847714,1456.6667308489093,5.0475824358620685,1.9694251075868976,6.156314656550341,1449.587,1486.548646750739,1412.625353249261,0.05099610682316959,24.0,17.785714285714302,1.2127174611833018
2025-11-24,1467.0,1471.0,1451.13,1452.0,1466.6,-14.6,-1.0,33607,4901903705.0,59.082293476543924,1460.2198035486526,1456.3210470823235,3.8987564663291323,2.3552913793353447,3.086930173987575,1450.1664999999998,1486.8849584443083,1413.4480415556914,0.05064033467096152,19.86999999999989,18.34785714285715,1.263626524990162
2025-11-25,1458.0,1458.0,1444.5,1444.65,1452.0,-7.35,-0.51,28441,4119930011.0,59.82407037185128,1457.8244491565522,1455.4565250762255,2.367924080326702,2.357817919533616,0.02021232158617181,1450.149,1486.878158300644,1413.4198416993559,0.05065570269074975,13.5,18.52785714285715,1.2825152904064756
2025-11-26,1448.88,1453.49,1443.58,1449.15,1444.65,4.5,0.31,20306,2938818095.0,56.122270742358054,1456.4899185170825,1454.9893750705792,1.5005434465033431,2.186363024927562,-1.3716391568484374,1451.0115,1486.7326170185468,1415.2903829814534,0.049236159766544496,9.910000000000082,17.70928571428572,1.2220464213011573
2025-11-27,1449.5,1450.0,1439.04,1447.3,1449.15,-1.85,-0.13,22287,3216797187.0,56.09777389786119,1455.0760848990699,1454.4197917320178,0.6562931670521266,1.880349053352475,-2.4481117726006967,1452.0395,1485.9574359321114,1418.1215640678888,0.04671764911644797,10.960000000000036,17.872857142857146,1.2349103256309781
2025-11-28,1446.5,1455.5,1443.0,1450.5,1447.3,3.2,0.22,23211,3366696622.0,43.354359089885165,1454.3720718376744,1454.1294367889054,0.24263504876898878,1.5528062524357777,-2.620342407333578,1453.0639999999999,1485.3802155157937,1420.747784484206,0.044480099315369226,12.5,16.59714285714285,1.1442359777416649
2025-12-01,1451.0,1462.27,1442.0,1448.0,1450.5,-2.5,-0.17,27333,3961994999.0,43.75355234739118,1453.3917530934168,1453.6754044341717,-0.2836513407548864,1.185514733797645,-2.938332149105063,1453.714,1485.0071486700247,1422.4208513299752,0.04305268941487077,20.269999999999982,16.952142857142853,1.1707280978689816
2025-12-02,1448.0,1451.92,1435.02,1436.03,1448.0,-11.97,-0.83,25047,3607543825.0,34.47430155683516,1450.7207141559682,1452.3683374390478,-1.6476232830796107,0.6188871304221939,-4.533020827003609,1454.0655,1484.3308579804414,1423.8001420195585,0.04162860336132234,16.90000000000009,16.775714285714294,1.1682008235005044
2025-12-03,1435.81,1435.97,1428.0,1429.1,1436.03,-6.93,-0.48,23573,3370080066.0,28.382907415165477,1447.3944504396654,1450.6447568880071,-3.2503064483416892,-0.15495158533058273,-6.190709726022213,1454.5165000000002,1482.857117885031,1426.1758821149695,0.038969125321068165,8.029999999999973,16.236428571428583,1.1361296320361476
2025-12-04,1429.1,1432.5,1418.38,1423.98,1429.1,-5.12,-0.36,29075,4134921902.0,31.21400598940346,1443.7922272951016,1448.6695897111176,-4.8773624160160125,-1.0994337514676689,-7.555857329096687,1453.959,1484.2751613317848,1423.6428386682153,0.041701535368995644,14.11999999999989,15.627142857142855,1.097427130798386
2025-12-05,1423.98,1433.09,1419.5,1430.01,1423.98,6.03,0.42,25402,3622681597.0,23.87507966857872,1441.6718846343167,1447.2873978806645,-5.615513246347746,-2.0026496504436846,-7.225727191808122,1453.7930000000001,1484.616875298559,1422.9691247014412,0.04240476505053877,13.589999999999918,14.654285714285704,1.0247680585650243
2025-12-08,1429.2,1436.67,1418.0,1418.22,1430.01,-11.79,-0.82,33603,4789155770.0,16.10746128578134,1438.0639023828833,1445.1342572969115,-7.0703549140282576,-3.0161907031605995,-8.108328421735315,1451.589,1485.9522165028409,1417.225783497159,0.04734565569571131,18.670000000000073,14.768571428571429,1.0413455901461994
2025-12-09,1418.23,1421.0,1400.05,1401.01,1418.22,-17.21,-1.21,42634,5995722121.0,14.087830904986674,1432.3633020162858,1441.8657937934365,-9.50249177715068,-4.313450917958616,-10.378081718384129,1448.69,1489.5860736759087,1407.7939263240914,0.05645938561860524,20.950000000000045,15.581428571428578,1.112156841951776
2025-12-10,1400.0,1402.8,1383.18,1402.8,1401.01,1.79,0.13,33133,4625906139.0,16.276874672260092,1427.815101706088,1438.972031290219,-11.156929584131149,-5.682146651193123,-10.949565865876052,1445.5724999999998,1490.4932638661217,1400.6517361338779,0.06214944441198473,19.61999999999989,15.920714285714277,1.1349240294920357
2025-12-11,1406.66,1411.99,1401.55,1411.99,1402.8,9.19,0.66,22385,3149974074.0,23.75276362587718,1425.3804706743822,1436.9733623057584,-11.592891631376233,-6.864295647229746,-9.457191968292975,1442.653,1488.3679267802806,1396.9380732197194,0.0633761920299346,10.440000000000055,14.952142857142851,1.0589411296923386
2025-12-12,1418.0,1425.0,1413.57,1420.65,1411.99,8.66,0.61,37159,5273563274.0,34.01977775512292,1424.6527059552466,1435.7642243571838,-11.111518401937246,-7.713740198171246,-6.7955564075320005,1440.8555000000001,1487.0855929447944,1394.6254070552059,0.0641703390031745,13.009999999999991,14.46214285714286,1.0179947810609833
2025-12-15,1439.59,1439.99,1425.57,1426.0,1420.65,5.35,0.38,33359,4774362060.0,40.295556249349545,1424.8599819621318,1435.0409484788738,-10.180966516742046,-8.207185461885407,-3.947562109713278,1438.6055000000001,1483.002150169984,1394.2088498300163,0.061721785673673264,19.339999999999918,14.879285714285711,1.0434281707072728
2025-12-16,1426.2,1428.78,1415.0,1422.0,1426.0,-4.0,-0.28,23964,3403139194.0,35.79872371586984,1424.4199847371883,1434.0749522952535,-9.65496755806521,-8.496741881121368,-2.3164513538876825,1435.9055,1477.18539467296,1394.6256053270401,0.05749667324619889,13.779999999999973,15.155714285714273,1.06580269238497
2025-12-17,1425.0,1439.94,1417.68,1433.1,1422.0,11.1,0.78,31382,4489482138.0,43.22777565814572,1425.7553717006979,1434.0027336067162,-8.247361906018341,-8.446865886100763,0.39900796016484463,1434.01,1471.8401678558282,1396.1798321441718,0.052761372453230065,22.25999999999999,15.962857142857128,1.1138690351585465
2025-12-18,1433.5,1438.88,1426.11,1431.0,1433.1,-2.1,-0.15,17830,2551177659.0,40.60150375939848,1426.562237592898,1433.7803088951075,-7.21807130220941,-8.201106969322494,1.966071334226168,1432.2045,1466.6812842406903,1397.7277157593098,0.048145057833137966,12.77000000000021,15.982142857142858,1.1168513527004094
2025-12-19,1410.0,1412.45,1401.01,1410.0,1431.0,-21.0,-1.47,26509,3733028357.0,34.45680628272248,1424.0142010401446,1432.018804532507,-8.004603492362321,-8.161806273930459,0.3144055631362761,1429.3745000000001,1461.1496723503574,1397.5993276496429,0.04446024796210825,29.99000000000001,16.676428571428573,1.182725430597771
2025-12-22,1410.0,1414.14,1406.58,1408.26,1410.0,-1.74,-0.12,20426,2881636856.0,37.603785376305666,1421.5904778031993,1430.2588930856546,-8.668415282455271,-8.263128075635422,-0.8105744136396993,1427.1875,1458.4222376624534,1395.9527623375466,0.043771035918480826,7.560000000000173,16.00928571428572,1.1368132102229505
2025-12-23,1408.26,1412.93,1397.19,1407.86,1408.26,-0.4,-0.03,24507,3445377032.0,39.931740614334444,1419.4780966027072,1428.5997158200505,-9.121619217343323,-8.434826303977003,-1.37358582673264,1425.348,1456.5858991139419,1394.110100886058,0.04383196119676307,15.740000000000009,16.56000000000001,1.1762533206426782
2025-12-24,1404.99,1406.36,1400.0,1400.9,1407.86,-6.96,-0.49,25187,3533253565.0,39.24711144241521,1416.6199278945985,1426.5478850185652,-9.927957123966735,-8.73345246797495,-2.389009311983571,1422.9355,1453.8848524972689,1391.9861475027312,0.043500710323509134,7.8599999999999,16.112857142857155,1.150178966582708
2025-12-25,1405.0,1419.48,1401.38,1414.17,1400.9,13.27,0.95,23386,3299572096.0,43.086592178770964,1416.2430159108142,1425.6310046468197,-9.387988736005582,-8.864359721581076,-1.0472580288490114,1421.279,1450.2187624112787,1392.3392375887213,0.04072354887573616,18.579999999999927,16.469285714285725,1.1645902341504717
2025-12-26,1414.17,1419.14,1410.0,1414.13,1414.17,-0.04,0.0,17803,2520605635.0,48.010893881918136,1415.9179365399198,1424.779078376685,-8.861141836765228,-8.863716144617907,0.00514861570535885,1419.4605,1445.0453404744974,1393.8756595255024,0.03604868254452656,9.1400000000001,15.788571428571442,1.1164865626619507
2025-12-29,1414.13,1414.13,1401.0,1402.0,1414.13,-12.13,-0.86,26308,3694660107.0,50.50649749309322,1413.7767155337783,1423.0917392376714,-9.315023703893075,-8.953977656472942,-0.7220920948402672,1417.1605,1440.0737932917534,1394.2472067082465,0.03233690649965683,13.13000000000011,15.230000000000018,1.0863052781740383
2025-12-30,1401.0,1401.9,1386.0,1389.72,1402.0,-12.28,-0.88,33792,4702489813.0,43.956754758824644,1410.0756823747354,1420.6197585533994,-10.544076178664,-9.271997360911154,-2.544157635505691,1414.845,1439.0525781957945,1390.6374218042056,0.03421940664283994,16.0,14.971428571428598,1.0772982018988428
2025-12-31,1390.0,1394.0,1377.17,1377.18,1389.72,-12.54,-0.9,34766,4799456452.0,34.399928296136935,1405.0148081632376,1417.401998660555,-12.387190497317306,-9.895035988192385,-4.984309018249842,1412.249,1440.771181137535,1383.726818862465,0.040392566944688894,16.829999999999927,15.42785714285716,1.120249868779474
2026-01-05,1385.0,1431.88,1385.0,1426.0,1377.18,48.82,3.54,70949,10018086372.0,51.76300006590651,1408.2432992150473,1418.038887648662,-9.79558843361474,-9.875146477276855,0.15911608732423232,1412.35,1441.0607718644567,1383.6392281355431,0.04065673786873902,54.700000000000045,18.405714285714307,1.2907233019434998
2026-01-06,1432.55,1436.97,1416.53,1428.01,1426.0,2.01,0.14,39586,5649710153.0,50.67726935777344,1411.28433010504,1418.7774885635758,-7.493158458535845,-9.398748873528653,3.8111808299856165,1412.25,1440.7146595290637,1383.7853404709363,0.040311077399984054,20.440000000000055,18.484285714285743,1.2944087026201316
2026-01-07,1432.88,1435.0,1420.2,1423.36,1428.01,-4.65,-0.33,29684,4234255286.0,50.45625335480405,1413.1421254734953,1419.1169338551629,-5.974808381667572,-8.713960775156437,5.478304786977731,1412.507,1441.2896527434082,1383.724347256592,0.04075399660802829,14.799999999999955,18.557142857142885,1.3037561022610504
2026-01-08,1423.33,1423.36,1408.14,1412.3,1423.36,-11.06,-0.78,29135,4117925041.0,43.02013422818792,1413.0125677083422,1418.6119757918175,-5.599408083475282,-8.091050236820207,4.98328430668985,1413.0715,1441.3430548136143,1384.7999451863857,0.040014330221244045,15.2199999999998,18.05428571428573,1.2783605263956475
2026-01-09,1417.0,1428.6,1416.01,1419.1,1412.3,6.8,0.48,29848,4243865418.0,46.12882238126216,1413.9490957532125,1418.6481257331643,-4.699029979951774,-7.412646185446521,5.427232410989493,1413.8865,1441.8494019463897,1385.9235980536105,0.039554662904539496,16.299999999999955,18.30642857142857,1.2900027180204756
2026-01-12,1419.1,1431.0,1417.1,1423.23,1419.1,4.13,0.29,36083,5135636033.0,54.83446612584961,1415.3769271757953,1418.987523827004,-3.6105966512086525,-6.652236278598948,6.0832792547805905,1414.4485,1442.7012161433006,1386.1957838566993,0.03994873782014775,13.900000000000091,17.157142857142862,1.205507392139209
2026-01-13,1426.79,1429.52,1408.99,1411.0,1423.23,-12.23,-0.86,39169,5555633779.0,50.92994841162097,1414.7035537641345,1418.3958553953742,-3.6923016312396157,-6.060249349127082,4.735895435774932,1413.966,1442.1021474937438,1385.829852506256,0.03979748804956261,20.529999999999973,18.083571428571418,1.28161385035942
2026-01-14,1411.0,1422.25,1396.18,1398.01,1411.0,-12.99,-0.92,51758,7285041159.0,46.92014258020139,1412.1353147234984,1416.885792032754,-4.75047730925553,-5.798294941152772,2.0956352637944846,1412.5665,1440.9655661633021,1384.1674338366977,0.040209174100195956,26.069999999999936,18.821428571428555,1.3463014264153015
2026-01-15,1396.02,1402.83,1388.58,1388.89,1398.01,-9.12,-0.65,40907,5698739671.0,46.29481088418585,1408.5591124583448,1414.8120296599573,-6.25291720161249,-5.889219393244716,-0.7273956167355493,1410.9109999999998,1440.8149873419518,1381.0070126580479,0.04238961542145743,14.25,19.277857142857133,1.3880046038820304
2026-01-16,1395.0,1397.5,1380.0,1382.0,1388.89,-6.89,-0.5,55121,7643061998.0,39.66857216263085,1404.473095157061,1412.381508944405,-7.908413787343989,-6.29305827206457,-3.2307110305588367,1408.356,1439.0003568429174,1377.7116431570826,0.04351791286140355,17.5,19.20071428571428,1.3893425677072562
2026-01-19,1381.9,1387.49,1375.0,1376.0,1382.0,-6.0,-0.43,42286,5833745442.0,38.20600061862045,1400.0926189790516,1409.6865823559306,-9.593963376878946,-6.953239293027446,-5.281448167703001,1405.606,1437.5385733052476,1373.6734266947524,0.04543602304663984,12.490000000000009,19.43999999999999,1.412790697674418
2026-01-20,1379.5,1381.58,1372.05,1373.55,1376.0,-2.45,-0.18,36484,5021900765.0,40.63959992103703,1396.0091391361207,1407.0097984777135,-11.000659341592836,-7.7627233027405245,-6.475872077704624,1403.7835,1438.682975655845,1368.884024344155,0.049722020034919885,9.529999999999973,19.182857142857124,1.39658965038456
2026-01-21,1373.56,1374.4,1350.0,1351.06,1373.55,-22.49,-1.64,64516,8775880803.0,38.0811444074485,1389.0938869613328,1402.865368960846,-13.771481999513071,-8.964475042095033,-9.614013914836075,1400.9235,1442.9297903936051,1358.917209606395,0.059969427871835984,24.40000000000009,19.78285714285713,1.4642471202505536
2026-01-22,1352.01,1361.76,1337.48,1340.06,1351.06,-11.0,-0.81,59011,7962441434.0,38.446215139442195,1381.5502120442047,1398.2131194081906,-16.662907363985823,-10.504161506473192,-12.317491715025263,1397.5335,1447.3920761086222,1347.6749238913778,0.0713522446633618,24.279999999999973,20.31499999999999,1.51597689655687
2026-01-23,1340.1,1348.0,1332.47,1337.0,1340.06,-3.06,-0.23,61949,8301311489.0,11.263927576601716,1374.6963332681732,1393.6788142668431,-18.98248099866987,-12.199825404912529,-13.565311187514684,1394.3385,1451.012506768167,1337.6644932318331,0.08129160425272187,15.529999999999973,17.51714285714284,1.3101827118281855
2026-01-26,1340.51,1355.0,1325.12,1342.0,1337.0,5.0,0.37,80166,10751225525.0,13.514889284805335,1369.6661281499928,1389.8507539507807,-20.1846258007879,-13.796785484087604,-12.77568063340059,1390.73,1451.153652043849,1330.306347956151,0.08689487110200968,29.88000000000011,18.19142857142856,1.3555460932510104
2026-01-27,1344.98,1353.7,1338.0,1343.01,1342.0,1.01,0.08,48416,6514513216.0,14.829729493127942,1365.5651853576862,1386.3810684729451,-20.815883115258885,-15.20060501032186,-11.230556209874049,1387.174,1450.1177006254113,1324.2302993745886,0.09075098095179313,15.700000000000045,18.25571428571428,1.3593133547564262
2026-01-28,1343.04,1346.71,1322.01,1323.69,1343.01,-19.32,-1.44,76218,10135019524.0,13.829700383704846,1359.1228491488114,1381.7372856230973,-22.614436474285867,-16.68337130311466,-11.862130342342411,1383.2585000000001,1451.8117525313858,1314.7052474686145,0.09911849814244499,24.700000000000045,18.932857142857156,1.430308995524417
2026-01-29,1335.0,1445.0,1329.06,1437.72,1323.69,114.03,8.61,189534,26305591086.0,54.052759881595016,1371.2147185105327,1385.8841533547197,-14.66943484418698,-16.280584011329125,3.2222983342842895,1385.6585,1458.3973393392514,1312.9196606607486,0.10498811841337732,121.30999999999995,26.43357142857144,1.8385757608276605
2026-01-30,1435.0,1435.0,1401.0,1401.0,1437.72,-36.72,-2.55,94480,13366329414.0,45.762647249437684,1375.7970695089123,1387.0038456988145,-11.206776189902257,-15.265822447043753,8.118092514282992,1386.8494999999998,1459.7835958385706,1313.915404161429,0.1051795394360683,36.72000000000003,28.063571428571436,2.0031100234526362
2026-02-02,1425.0,1458.58,1411.62,1427.0,1401.0,26.0,1.86,85724,12312646443.0,52.89771080846132,1383.674443430618,1389.9665237951986,-6.292080364580443,-13.471074030551092,14.357987331941299,1386.8995,1459.9478864082052,1313.8511135917947,0.1053405620352524,57.57999999999993,30.710000000000004,2.152067274001402
2026-02-03,1445.0,1476.81,1443.03,1474.92,1427.0,47.92,3.36,86321,12628439703.0,62.36455419439891,1397.7122213643693,1396.2593738844432,1.4528474799260493,-10.486289728455665,23.87827441676343,1389.2450000000001,1470.4125653396002,1308.0774346604,0.11685133340713849,49.809999999999945,32.40571428571429,2.197116744346425
2026-02-04,1485.0,1533.27,1474.0,1525.0,1474.92,50.08,3.4,109123,16444345980.0,69.33545472625507,1417.2949565390818,1405.7957165596697,11.499239979412096,-6.089183786882113,35.17684753258842,1394.327,1494.8968261957978,1293.7571738042022,0.14425572508571916,59.26999999999998,35.621428571428574,2.3358313817330214
2026-02-05,1520.0,1565.0,1515.0,1555.0,1525.0,30.0,1.97,91623,14183456476.0,73.0617468273435,1438.4803478407616,1416.8478857033979,21.632462137363746,-0.5448546020329407,44.354633478793374,1401.462,1525.0210606019746,1277.9029393980254,0.17632880606391693,50.0,37.94285714285714,2.4400551217271476
2026-02-06,1555.0,1568.0,1505.88,1515.01,1555.0,-39.99,-2.57,78965,12019878669.0,66.9909795389542,1450.2541404806445,1424.1191534290722,26.134987051572352,4.791113728688119,42.68774664576847,1406.2575,1539.7448223036172,1272.7701776963827,0.1898476236444851,62.11999999999989,41.48785714285714,2.7384543430642134
2026-02-09,1518.0,1542.88,1513.49,1524.96,1515.01,9.95,0.66,51168,7809067705.0,68.17341623256597,1461.7473496374685,1431.5888457676594,30.15850386980901,9.864591756912297,40.587824225793426,1411.3439999999998,1554.9255395552395,1267.76246044476,0.20346781444529433,29.3900000000001,42.90642857142858,2.8136100993749724
2026-02-10,1524.97,1524.97,1496.5,1504.8,1524.96,-20.16,-1.32,39576,5953269321.0,68.55687524140595,1468.370834308627,1437.0118942293143,31.358940079312788,14.163461421392396,34.39095731584078,1416.034,1565.5724910702902,1266.49550892971,0.2112074866426796,28.470000000000027,43.19714285714286,2.8706235285182657
2026-02-11,1504.8,1514.0,1496.0,1504.33,1504.8,-0.47,-0.03,30928,4648360030.0,70.34504966436303,1473.9030136457613,1441.9984205826984,31.904593063062975,17.711687749726515,28.38581062667292,1421.35,1575.673299329005,1267.0267006709948,0.21715031389735825,18.0,42.74857142857143,2.8417017162837563
2026-02-12,1500.2,1502.82,1473.36,1486.6,1504.33,-17.73,-1.18,46246,6874370113.0,67.87848367512785,1475.856396161798,1445.3022412802763,30.554154881521754,20.280181176085563,20.547947410872382,1426.2355,1582.4074916225975,1270.0635083774025,0.2189988842972952,30.970000000000027,43.85142857142858,2.94977993888259
2026-02-13,1486.6,1507.8,1470.58,1485.3,1486.6,-1.3,-0.09,41679,6216379203.0,67.27838333172566,1477.3092582907523,1448.265038222478,29.04422006827417,22.032988954523287,14.02246222750177,1431.4005000000002,1588.2439172536092,1274.5570827463912,0.2191467967960176,37.22000000000003,44.37571428571429,2.9876600205826627
2026-02-24,1521.0,1524.4,1463.6,1466.8,1485.3,-18.5,-1.25,41913,6198840572.0,64.32191035934932,1475.6924493229442,1449.6379983541465,26.05445096879771,22.837281357378174,6.434339222839071,1435.9405000000002,1591.2812124559302,1280.59978754407,0.21636093202459303,60.80000000000018,47.59714285714286,3.2449647434648803
2026-02-25,1470.0,1509.66,1467.88,1491.66,1466.8,24.86,1.69,36881,5490316149.0,69.18736149505379,1478.1489955809527,1452.7507392168022,25.398256364150484,23.349476358732637,4.097560010835693,1441.846,1596.176874954465,1287.5151250455351,0.2140740064534838,42.86000000000013,48.89428571428573,3.277843859477745
2026-02-26,1486.6,1489.49,1464.67,1466.21,1491.66,-25.45,-1.71,32958,4855471430.0,54.080142067424745,1476.3122270300369,1453.747721497039,22.564505532997828,23.192482193585676,-1.2559533211756957,1447.6035,1596.157314920279,1299.0496850797208,0.2052410275607639,26.99000000000001,42.15714285714288,2.8752458963683836
2026-02-27,1466.99,1476.21,1455.02,1455.02,1466.21,-11.19,-0.76,32160,4697692477.0,58.34672435105067,1473.0364997946465,1453.8419643491102,19.194535445536303,22.3928928439758,-6.396714796878996,1453.3515,1593.0148023833808,1313.6881976166192,0.19219480267971076,21.190000000000055,41.04785714285716,2.8211197882405163
2026-03-02,1450.0,1457.0,1436.66,1440.11,1455.02,-14.91,-1.02,35454,5115063511.0,52.09753287894786,1467.9708844416239,1452.8247818047316,15.146102636892238,20.94353480255909,-11.594864331333703,1458.507,1587.2734657391336,1329.7405342608665,0.1765729828367413,20.339999999999918,38.387857142857165,2.665619788964535
2026-03-03,1440.1,1452.87,1422.13,1426.19,1440.11,-13.92,-0.97,45891,6565381648.0,41.25166062259883,1461.5430560659895,1450.8518350043812,10.691221061608303,18.893072054368933,-16.40370198552126,1462.7165,1580.4806911931148,1344.9523088068852,0.16102121114120857,30.73999999999978,37.025714285714294,2.5961277449508335
2026-03-04,1415.0,1423.0,1392.09,1401.18,1426.19,-25.01,-1.75,48014,6743267103.0,25.57212752525257,1452.2564320558372,1447.1724398188715,5.0839922369657415,16.131256090888296,-22.09452770784511,1465.625,1573.389684870616,1357.860315129384,0.14705628639060614,34.100000000000136,35.22785714285716,2.5141564354941663
2026-03-05,1406.0,1412.96,1395.0,1399.04,1401.18,-2.14,-0.15,30505,4276226062.0,15.431332564943745,1444.0692886626314,1443.6070739063625,0.46221475626884967,12.997447823964407,-25.070466135391115,1469.3925,1560.198211129225,1378.5867888707749,0.1235962632574007,17.960000000000036,32.93928571428574,2.3544205822768283
2026-03-06,1395.0,1407.5,1388.0,1402.0,1399.04,2.96,0.21,29154,4072328833.0,20.03182179793164,1437.597090406842,1440.525068431817,-2.9279780249751184,9.812362654176502,-25.48068135830324,1467.6065,1562.3546675478965,1372.8583324521037,0.1291193075908241,19.5,29.89500000000003,2.132310984308133
2026-03-09,1390.0,1404.9,1383.2,1397.0,1402.0,-5.0,-0.36,37442,5220095639.0,15.152505446623152,1431.3513841904048,1437.3009892887196,-5.949605098314805,6.6599691036782405,-25.21914840398609,1467.4065,1562.7615975150534,1372.0514024849467,0.1299641203920704,21.700000000000045,29.345714285714312,2.1006237856631573
2026-03-10,1404.9,1409.49,1398.0,1401.88,1397.0,4.88,0.35,24626,3457808916.0,19.42728136882141,1426.8173250841887,1434.67721230437,-7.8598872201812355,3.7559978389063455,-23.231770118175163,1466.1505000000002,1564.3654208248506,1367.9355791751498,0.13397658811268068,12.490000000000009,28.20428571428574,2.011890155668512
2026-03-11,1402.99,1405.99,1398.02,1400.0,1401.88,-1.88,-0.13,24457,3425363892.0,19.265892888705693,1422.6915827635444,1432.1085299114536,-9.41694714790924,1.1214088415432284,-21.07671197890494,1462.4045,1564.8356269457115,1359.9733730542887,0.14008590228724188,7.970000000000027,27.48785714285717,1.9634183673469408
2026-03-12,1395.0,1403.95,1391.01,1392.0,1400.0,-8.0,-0.57,27586,3850521717.0,20.437500000000114,1417.9698007999223,1429.1375276957904,-11.1677268958681,-1.336418305939037,-19.662617179858124,1455.7545,1558.3439135248295,1353.1650864751705,0.1409432888922267,12.940000000000055,26.200000000000028,1.8821839080459792
2026-03-13,1392.48,1417.62,1392.0,1413.64,1392.0,21.64,1.55,33608,4738808558.0,30.131972940002328,1417.3036775999342,1427.9895626812875,-10.685885081353263,-3.2063116610218825,-14.959146840662761,1448.6865,1541.4982747237304,1355.8747252762696,0.12813231119877272,25.61999999999989,25.37142857142859,1.7947588191780501
2026-03-16,1420.0,1466.0,1420.0,1460.18,1413.64,46.54,3.29,60086,8711525836.0,48.41155581149825,1423.900034892252,1430.3740395197105,-6.474004627458498,-3.859850254309206,-5.228308746298585,1445.9450000000002,1533.6041469391835,1358.2858530608169,0.12124824518108682,52.3599999999999,24.768571428571427,1.6962683661309856
2026-03-17,1468.0,1498.07,1461.19,1485.0,1460.18,24.82,1.7,49454,7347310632.0,48.40165114716328,1433.3000295242132,1434.4204069626949,-1.1203774384816825,-3.3119556911437016,4.383156505324038,1443.9470000000001,1525.6417868207286,1362.2522131792716,0.11315482745658738,37.88999999999987,24.41357142857141,1.6440115440115428
2026-03-18,1489.0,1496.5,1463.15,1468.8,1485.0,-16.2,-1.09,35551,5239992522.0,50.65045959113966,1438.761563443565,1436.9670434839768,1.794519959588115,-2.2906605609973383,8.170361041170906,1442.147,1519.6765738751556,1364.6174261248443,0.10751965489670003,33.34999999999991,24.867857142857115,1.6930730625583548
2026-03-19,1472.96,1473.0,1446.0,1452.87,1468.8,-15.93,-1.08,30319,4404953481.0,49.47259971544913,1440.9320921445549,1438.1450402629414,2.787051881613479,-1.275118072475175,8.124339908177308,1439.574,1511.6372997769108,1367.5107002230893,0.10011753446076513,27.0,25.282857142857114,1.7402009225090418
2026-03-20,1452.96,1462.5,1439.0,1445.0,1452.87,-7.87,-0.54,26132,3782818260.0,51.24244118095434,1441.5579241223156,1438.652815058279,2.905109064036651,-0.4390726451728098,6.688363418418922,1437.494,1506.1637434023705,1368.8242565976293,0.09554091133927602,23.5,25.508571428571404,1.765299060800789
2026-03-23,1433.33,1435.0,1400.03,1408.07,1445.0,-36.93,-2.56,47256,6669708665.0,45.87807097361236,1436.4059357958056,1436.3874213502584,0.018514445547225478,-0.34755522702880276,0.7321393451520565,1433.6325,1499.6164204894492,1367.6485795105507,0.09205137368112017,44.97000000000003,26.524999999999995,1.8837841868657095
2026-03-24,1416.0,1417.59,1400.18,1407.33,1408.07,-0.74,-0.05,28562,4017694387.0,51.57264869840942,1431.9327149041433,1434.2350197687576,-2.3023048646143707,-0.7385051545459164,-3.1275994201369084,1430.659,1495.7028294010888,1365.6151705989114,0.09092848736294074,17.409999999999854,25.332857142857115,1.8000651689978269
2026-03-25,1410.11,1417.87,1401.01,1410.27,1407.33,2.94,0.21,26093,3677905549.0,52.859980644832675,1428.599989534275,1432.45983311922,-3.8598435849451107,-1.3627728406257553,-4.994141488638711,1426.5895,1485.4545490439566,1367.7244509560435,0.08252556049789594,16.8599999999999,25.25428571428568,1.7907411853251989
2026-03-26,1409.0,1413.9,1400.3,1401.18,1410.27,-9.09,-0.64,23093,3243387502.0,49.797490862392586,1424.381529605925,1430.1428084437223,-5.761278837797363,-2.242474040060077,-7.037609595474572,1423.3380000000002,1480.1360913689707,1366.5399086310297,0.0798097027817293,13.600000000000136,24.832857142857115,1.7722817298888873
2026-03-27,1400.0,1426.0,1396.66,1416.02,1401.18,14.84,1.06,30087,4257499781.0,54.479510127178514,1423.0951404357827,1429.0966744849281,-6.001534049145448,-2.9942860418771513,-6.0144960145365935,1421.3880000000001,1476.2512061921673,1366.524793807833,0.07719666437618317,29.339999999999918,25.378571428571394,1.7922466793245428
2026-03-30,1407.0,1431.0,1402.52,1420.0,1416.02,3.98,0.28,28685,4060684934.0,54.28571428571425,1422.6189649841237,1428.4228467453038,-5.803881761180037,-3.5562051857377286,-4.4953531508846165,1420.3825000000002,1474.5334717558726,1366.2315282441277,0.07624843555291962,28.480000000000018,26.520714285714252,1.8676559356136795
2026-03-31,1468.0,1479.93,1448.41,1450.0,1420.0,30.0,2.11,61691,9015486797.0,60.437541750167,1426.8314319096432,1430.0211543937999,-3.1897224841566185,-3.4829086454215066,0.5863723225297761,1421.5729999999999,1477.2859489247764,1365.8600510752233,0.0783821146360779,59.930000000000064,30.232142857142826,2.084975369458126
2026-04-01,1464.49,1469.99,1452.88,1459.44,1450.0,9.44,0.65,29125,4256185472.0,63.99402390438248,1431.8481346927751,1432.2003281424072,-0.3521934496320682,-2.856765606263619,5.009144313263102,1424.486,1481.779343197416,1367.1926568025842,0.08044072486134068,19.99000000000001,30.73571428571425,2.1059936883814507
2026-04-02,1459.44,1464.88,1452.1,1459.88,1459.44,0.44,0.03,21064,3071809846.0,60.520567892246085,1436.1607293554252,1434.2506742059327,1.910055149492564,-1.9034014551123826,7.626913209209893,1427.528,1485.5881595806143,1369.4678404193858,0.08134363680518246,12.7800000000002,29.818571428571413,2.0425357857201556
2026-04-03,1459.54,1469.96,1455.0,1460.0,1459.88,0.12,0.01,20194,2953993081.0,49.94807892004152,1439.8283094545907,1436.15803167216,3.6702777824307304,-0.7886656076037599,8.917886780068981,1430.428,1488.9118567379705,1371.9441432620297,0.08177112967303551,14.960000000000036,27.147142857142853,1.8593933463796473
2026-04-07,1460.05,1470.0,1435.05,1440.02,1460.0,-19.98,-1.37,24152,3507471653.0,36.652818991097924,1439.8578003077305,1436.4441034001482,3.4136969075823345,0.05180689543345899,6.723780024297751,1432.5790000000002,1489.0148161379634,1376.143183862037,0.0787891154874715,34.950000000000045,26.937142857142867,1.8706089399551997
2026-04-08,1460.0,1469.08,1452.13,1465.02,1440.02,25.0,1.74,33836,4947937007.0,48.93401015228427,1443.728907952695,1438.5608364816187,5.168071471076246,1.0750598105620166,8.186023321028458,1435.7359999999999,1492.004928099563,1379.4670719004368,0.0783833909570604,29.059999999999945,26.630714285714298,1.8177713809855358
2026-04-09,1465.02,1465.02,1447.5,1460.49,1465.02,-4.53,-0.31,20705,3012278579.0,52.29656419529841,1446.3075374984342,1440.1852189644617,6.122318533972475,2.0845115552441085,8.075613957456733,1438.7604999999999,1493.42148405531,1384.0995159446898,0.07598343720905615,17.519999999999982,25.95357142857144,1.7770454729968326
2026-04-10,1459.14,1459.71,1441.1,1453.96,1460.49,-6.53,-0.45,28866,4187181529.0,52.722411278561026,1447.484839421752,1441.2055731152423,6.279266306509726,2.9234625054972323,6.711607602024987,1441.8584999999998,1492.2144716941625,1391.5025283058371,0.06984870109537475,19.3900000000001,25.660000000000018,1.7648353462268576
2026-04-13,1444.0,1446.5,1433.0,1443.31,1453.96,-10.65,-0.73,25214,3629675490.0,62.74226207694533,1446.8425564337902,1441.3614565881874,5.481099845602785,3.434989973518343,4.092219744168883,1443.342,1491.9142383780365,1394.7697616219637,0.06730523795197041,20.960000000000036,23.945000000000018,1.6590337488134925
2026-04-14,1442.6,1448.6,1435.0,1446.9,1443.31,3.59,0.25,24233,3492544230.0,64.01898958407148,1446.8513939055147,1441.7717190631365,5.079674842378154,3.7639269472903054,2.6314957901756966,1442.6779999999999,1490.6403082715688,1394.715691728431,0.06649066288051649,13.599999999999909,23.672857142857165,1.6361087250575137
2026-04-15,1444.98,1470.79,1442.0,1467.5,1446.9,20.6,1.42,34553,5049317187.0,68.02065621260786,1450.0281025354354,1443.6775176510523,6.3505848843831245,4.281258534708869,4.13865269934851,1441.8029999999999,1487.0775701133375,1396.5284298866623,0.06280271314921336,28.789999999999964,24.525000000000027,1.6712095400340732
2026-04-16,1467.45,1477.41,1460.0,1462.84,1467.5,-4.66,-0.32,24513,3597294838.0,69.97279087846586,1451.99916368383,1445.0969607880113,6.902202895818618,4.80544740693082,4.193510977775597,1441.5049999999999,1486.1048067024385,1396.9051932975613,0.06187950330028495,17.410000000000082,24.79714285714288,1.6951370523873344
2026-04-17,1400.0,1421.0,1399.87,1407.24,1462.84,-55.6,-3.8,96825,13631929446.0,47.75010250102502,1445.1131385017022,1442.2927414703809,2.820397031321363,4.408437331808929,-3.1760806009751317,1439.2235,1485.9911232023837,1392.4558767976164,0.0649900772220349,62.97000000000003,27.199285714285743,1.9328107298176391
2026-04-20,1403.0,1413.94,1400.0,1410.89,1407.24,3.65,0.26,36451,5127146041.0,47.66158427023977,1439.8480402706712,1439.966612472575,-0.11857220190381668,3.50303542506638,-7.243215253940393,1437.518,1485.8599724354262,1389.1760275645738,0.06725755425034846,13.940000000000055,26.160714285714317,1.8541994262993085
2026-04-21,1411.0,1419.9,1410.0,1412.01,1410.89,1.12,0.08,21754,3074595192.0,38.5510216382376,1435.565264844414,1437.8957522894214,-2.330487445007293,2.3363308510516454,-9.333636592117877,1437.7150000000001,1485.5814635923969,1389.8485364076034,0.06658685983299431,9.900000000000091,22.58714285714289,1.5996446807843352
2026-04-22,1415.0,1419.0,1404.98,1409.5,1412.01,-2.51,-0.18,26916,3793827534.0,34.29362183922504,1431.5552240991196,1435.7923632309457,-4.237139131826098,1.021636854476097,-10.51755197260439,1437.8235,1485.40897910976,1390.23802089024,0.06619098812859846,14.019999999999982,22.160714285714317,1.5722393959357441
2026-04-23,1408.0,1419.7,1405.1,1419.0,1409.5,9.5,0.67,37701,5332831151.0,37.83622946917397,1429.6236511607935,1434.548484473098,-4.924833312304372,-0.16765717887999687,-9.51435226684875,1438.26,1484.9326851256947,1391.5873148743053,0.06490159654818277,14.600000000000136,22.290714285714312,1.5708748615725379
2026-04-24,1413.1,1458.88,1413.1,1458.49,1419.0,39.49,2.78,55455,8003410999.0,49.63598669302349,1434.064627905287,1436.3219300676833,-2.2573021623963996,-0.5855861755832774,-3.3434319736262443,1441.1254999999999,1485.1762303123658,1397.074769687634,0.06113378787949542,45.7800000000002,24.4921428571429,1.6792808217500905
2026-04-27,1420.0,1420.0,1402.2,1403.2,1458.49,-55.29,-3.79,72798,10239763452.0,42.41512854317734,1429.316223612166,1433.8684537663735,-4.552230154207564,-1.3789149713081348,-6.346630365798858,1440.4845,1486.4067622196312,1394.5622377803688,0.06375946734537052,56.289999999999964,26.016428571428605,1.8540784329695414
2026-04-28,1402.0,1409.39,1400.11,1405.0,1403.2,1.8,0.13,34004,4772513712.0,36.3292638483965,1425.575266133371,1431.730049783679,-6.154783650307991,-2.3340887071081062,-7.641389886399769,1439.7345,1487.51765557644,1391.9513444235602,0.06637773225055017,9.2800000000002,24.60357142857148,1.7511438739196785
2026-04-29,1405.0,1409.75,1400.28,1401.17,1405.0,-3.83,-0.27,34813,4881691348.0,36.44548030344576,1421.82060980516,1429.4663423922955,-7.645732587135399,-3.3964174831135647,-8.498630208043668,1437.2930000000001,1487.781068460204,1386.8049315397961,0.07025438579357719,9.470000000000027,24.028571428571485,1.714893369724693
2026-04-30,1400.0,1401.17,1380.0,1384.79,1401.17,-16.38,-1.17,52753,7316111748.0,34.875584904010125,1416.1235929120585,1426.1569836965698,-10.033390784511312,-4.723812143393114,-10.619157282236396,1433.5605,1488.0348460529344,1379.0861539470657,0.07599867051712764,21.170000000000073,24.15571428571434,1.7443593819795304
2026-05-06,1365.1,1379.0,1360.05,1375.0,1384.79,-9.79,-0.71,47806,6550750940.0,35.0072428778368,1409.7968863102033,1422.367577496824,-12.570691186620707,-6.293187952038633,-12.555006469164146,1429.3165,1488.204071121856,1370.4289288781438,0.08239962404667704,24.74000000000001,24.42571428571434,1.7764155844155884
2026-05-07,1375.0,1388.0,1370.01,1371.05,1375.0,-3.95,-0.29,40461,5573286315.0,33.37862120348859,1403.8358268778643,1418.566275460022,-14.730448582157806,-7.980640078062469,-13.499617008190674,1424.869,1487.3268955103276,1362.4111044896722,0.0876682635531094,17.99000000000001,24.739285714285774,1.8044043407815742
2026-05-08,1371.66,1382.77,1370.0,1372.99,1371.05,1.94,0.14,33369,4582855939.0,27.444990692568382,1399.0903150505005,1415.190255055576,-16.099940005075496,-9.604500063465075,-12.990879883220842,1421.5175000000002,1487.6384787156533,1355.396521284347,0.09302872277781048,12.769999999999982,23.59500000000006,1.7185121523099263
2026-05-11,1372.89,1372.89,1361.0,1361.33,1372.99,-11.66,-0.85,57135,7790721392.0,26.557664772989696,1393.281035811962,1411.2006065329408,-17.919570720978754,-11.267514194967811,-13.304113052021886,1416.333,1484.3258943965552,1348.340105603445,0.0960125823468847,11.990000000000009,23.207857142857197,1.7047928968624213
2026-05-12,1362.0,1363.58,1350.5,1354.55,1361.33,-6.78,-0.5,50837,6886304982.0,34.28946269902795,1387.322414917814,1407.0042653082785,-19.681850390464433,-12.950381434067136,-13.462937912794594,1411.036,1481.0217794277187,1341.0502205722814,0.09919772341417032,13.079999999999927,19.64428571428576,1.450244414328431
2026-05-13,1354.5,1358.6,1338.0,1344.09,1354.55,-10.46,-0.77,56968,7653257144.0,30.85959885386815,1380.6712741612273,1402.3439493595172,-21.67267519828988,-14.694840186911685,-13.95567002275639,1405.5425,1478.5259452389537,1332.5590547610464,0.10385092622806306,20.59999999999991,20.120000000000037,1.4969235691062381
2026-05-14,1338.0,1369.06,1335.18,1342.17,1344.09,-1.92,-0.14,55244,7428592859.0,30.07986309184257,1374.7480012133462,1397.8866197773307,-23.138618563984437,-16.383595862326235,-13.510045403316404,1400.4855,1476.4071982991788,1324.5638017008212,0.10842196980858258,33.87999999999988,21.832857142857165,1.6266834412076836
2026-05-15,1335.15,1339.28,1327.11,1332.95,1342.17,-9.22,-0.69,58184,7749366540.0,28.970935662875675,1368.317539488216,1393.0764997938247,-24.758960305608753,-18.05866875098274,-13.400583109252025,1394.788,1473.1085331953245,1316.4674668046755,0.11230456986341224,15.060000000000173,21.907142857142894,1.6435082228998008
2026-05-18,1336.0,1342.68,1319.61,1323.0,1332.95,-9.95,-0.75,49661,6594983723.0,23.69286418941138,1361.3456103361827,1387.885647957245,-26.54003762106231,-19.754942524998654,-13.570190192127313,1387.563,1464.284605575647,1310.8413944243532,0.11058468058840844,23.070000000000164,22.512142857142894,1.7015980995572861
2026-05-19,1321.9,1329.99,1318.0,1324.3,1323.0,1.3,0.1,43255,5719170335.0,3.4934497816593506,1355.6462856690778,1383.175599960412,-27.52931429133423,-21.30981687826577,-12.43899482613692,1380.636,1453.6686336286505,1307.6033663713495,0.10579563857331042,11.990000000000009,20.098571428571454,1.5176751059859137
2026-05-20,1321.0,1332.99,1314.0,1315.0,1324.3,-9.3,-0.7,47487,6271273748.0,5.128205128205096,1349.393010950758,1378.1255555189,-28.732544568141975,-22.794362416241015,-11.876364303801921,1376.024,1453.4976454748175,1298.5503545251822,0.11260507879923266,18.99000000000001,17.434285714285743,1.325801195002718
2026-05-21,1312.98,1323.52,1311.0,1311.0,1315.0,-4.0,-0.3,38868,5112740391.0,3.2245222929936546,1343.4863938814105,1373.1532921471296,-29.666898265719055,-24.168869586136623,-10.996057359164865,1371.0295,1451.8462117879114,1290.2127882120888,0.1178920100375832,12.519999999999982,17.665714285714298,1.3474991827394582
2026-05-22,1310.95,1311.91,1290.12,1290.2,1311.0,-20.8,-1.59,49157,6372389482.0,2.7586206896551744,1335.2884871304243,1367.0086038399347,-31.72011670951042,-25.679119010811384,-12.081995397398074,1364.9389999999999,1450.945110162377,1278.9328898376227,0.1260219103745693,21.79000000000019,18.545714285714308,1.4374294129370877
2026-05-25,1287.0,1304.79,1277.0,1285.88,1290.2,-4.32,-0.33,46353,5978725158.0,3.074295473953896,1327.6871814180513,1360.9990776295692,-33.31189621151793,-27.205674450952696,-12.212443521130474,1358.758,1448.9467374460085,1268.5692625539916,0.1327517298091469,27.789999999999964,19.018571428571445,1.4790315914837653
2026-05-26,1285.35,1289.89,1270.01,1273.38,1285.88,-12.5,-0.97,45932,5867830633.0,2.9972247918594093,1319.332230430659,1354.5087755829345,-35.176545152275594,-28.799848591217277,-12.753393122116634,1351.4769999999999,1444.650957079725,1258.3030429202747,0.13788463596454123,19.88000000000011,18.671428571428596,1.4662888196318926
2026-05-27,1268.02,1319.0,1250.1,1303.0,1273.38,29.62,2.33,82728,10586574902.0,24.56455109516331,1316.8195795951729,1350.6933107249395,-33.87373112976661,-29.814625098927145,-8.118212061678932,1343.7024999999999,1424.3915916451908,1263.013408354809,0.12009963759863655,68.90000000000009,22.30785714285717,1.7120381537112177
2026-05-28,1290.0,1304.0,1271.0,1275.98,1303.0,-27.02,-2.07,45890,5895475019.0,19.46490399748184,1310.5365673497618,1345.1589914119809,-34.622424062219125,-30.776184891585544,-7.692478341267162,1337.3415,1418.3393599522346,1256.3436400477653,0.12113265004074823,33.0,23.752857142857174,1.861538358191913
2026-05-29,1270.6,1329.0,1270.0,1326.0,1275.98,50.02,3.92,76478,10037388211.0,41.042543481567876,1312.9155569882598,1343.7398068629452,-30.824249874685393,-30.785797888205515,-0.07690397295975515,1333.3915000000002,1407.9456276417393,1258.837372358261,0.1118263130397023,59.0,27.110714285714316,2.0445485886662382
2026-06-01,1327.0,1327.0,1301.31,1309.6,1326.0,-16.4,-1.24,43845,5741133268.0,39.133587970797244,1312.4054712977584,1341.2109322805047,-28.805460982746354,-30.389730507113683,3.168539048734658,1328.813,1396.7988614094036,1260.8271385905966,0.10232570182471644,25.690000000000055,28.01142857142861,2.1389300986124473
2026-06-02,1306.0,1326.36,1301.0,1307.22,1309.6,-2.38,-0.18,36362,4769963104.0,40.7245283018868,1311.6077064827186,1338.6930854449117,-27.08537896219309,-29.728860198129567,5.286962471872954,1324.9345,1388.1581552915184,1261.7108447084818,0.09543665032727021,25.3599999999999,28.35142857142861,2.1688337518878695
2026-06-03,1304.0,1304.0,1276.0,1281.91,1307.22,-25.31,-1.94,52477,6743202681.0,36.43648149815429,1307.0388285623003,1334.486930967511,-27.448102405210648,-29.272708639545787,3.649212468670278,1320.2800000000002,1381.6642277016335,1258.8957722983669,0.09298668116101634,31.220000000000027,28.16142857142862,2.196833519625295
2026-06-04,1278.99,1288.99,1266.69,1268.0,1281.91,-13.91,-1.09,33506,4273269325.0,35.68311069964287,1301.032854937331,1329.5619731180657,-28.529118180734713,-29.123990547783574,1.1897447340977223,1315.1275,1375.8646412858607,1254.3903587141394,0.09236692455425137,22.299999999999955,28.678571428571463,2.2617169896349734
2026-06-05,1278.0,1283.0,1267.74,1272.86,1268.0,4.86,0.38,31304,3984001862.0,38.693965906016004,1296.6985695623569,1325.361826961172,-28.663257398815176,-29.031843917989896,0.7371730383494395,1310.1209999999999,1367.1711596104565,1253.0708403895433,0.08709143599783013,15.259999999999991,28.120714285714307,2.209254300214816
2026-06-08,1272.0,1278.0,1260.0,1262.98,1272.86,-9.88,-0.78,30828,3898027116.0,36.688086141021174,1291.5110973219942,1320.740950889974,-29.229853567979944,-29.071445847987906,-0.3168154399840759,1305.2035,1360.5991096588289,1249.8078903411713,0.08488424932790754,18.0,28.55000000000002,2.260526690842295
2026-06-09,1262.99,1263.0,1252.55,1256.0,1262.98,-6.98,-0.55,27860,3500590715.0,37.0614035087719,1286.047851580149,1315.9453248981242,-29.897473317975255,-29.23665134198538,-1.3216439519797518,1300.276,1354.7137997157708,1245.8382002842293,0.08373268400827329,10.450000000000045,27.940000000000023,2.2245222929936324
2026-06-10,1252.08,1282.0,1250.21,1275.88,1256.0,19.88,1.58,39244,4991686419.0,42.799737575856994,1284.4835667216646,1312.9775230538187,-28.493956332154085,-29.088112340019123,1.1883120157300766,1296.8654999999999,1348.204147994414,1245.5268520055859,0.07917343470763011,31.789999999999964,29.31642857142859,2.2977418386861297
2026-06-11,1272.12,1282.88,1266.91,1279.0,1275.88,3.12,0.24,25352,3230008220.0,47.524314765694065,1283.6399410721776,1310.4606694942765,-26.82072842209891,-28.634635556435082,3.6278142686723456,1293.7069999999999,1340.9165566150443,1246.4974433849554,0.07298338281395161,15.970000000000027,28.900714285714294,2.2596336423545185
2026-06-12,1271.18,1295.0,1265.01,1291.91,1279.0,12.91,1.01,50495,6477910214.0,51.28412624047021,1284.912257830304,1309.0865458280339,-24.174287997729834,-27.742566044694033,7.136556093928398,1291.655,1335.1001322450409,1248.209867754959,0.06727048979029368,29.99000000000001,29.057857142857156,2.249216829566855
2026-06-15,1292.7,1292.7,1270.1,1271.1,1291.91,-20.81,-1.61,41586,5303656129.0,49.53105717811596,1282.7872950871804,1306.2727276185499,-23.485432531369497,-26.891139342029128,6.811413621319261,1289.06,1330.7880574547507,1247.3319425452491,0.06474183894427071,22.600000000000136,29.25214285714287,2.301325061532757
2026-06-16,1267.01,1267.88,1255.0,1255.67,1271.1,-15.43,-1.21,34970,4399957625.0,39.66187584640252,1278.6154035353065,1302.5243774245832,-23.908973889276695,-26.294706251478644,4.771464724403899,1285.6285,1326.4319489125307,1244.8250510874693,0.06347626691930167,16.09999999999991,25.48071428571429,2.029252453727037
2026-06-17,1258.0,1259.77,1238.56,1240.0,1255.67,-15.67,-1.25,44803,5581256291.0,41.73101673101673,1272.6745722221824,1297.8929420597992,-25.21836983761682,-26.07943896870628,1.7221382621789232,1281.8785,1325.034037194269,1238.722962805731,0.06733171231792884,21.210000000000036,24.63857142857143,1.9869815668202766
2026-06-18,1235.0,1238.87,1211.22,1215.0,1240.0,-25.0,-2.02,57472,7016713941.0,21.174820816453717,1263.8015611110775,1291.7527241294438,-27.951163018366287,-26.453783778638282,-2.99475847945601,1277.0785,1327.362480613267,1226.794519386733,0.07874845690890102,28.779999999999973,22.48,1.8502057613168723
2026-06-22,1214.31,1252.8,1205.0,1241.41,1215.0,26.41,2.17,58251,7163236298.0,33.16711922981983,1260.3567055555272,1288.0236334531887,-27.66692789766148,-26.696412602442923,-1.9410305904371157,1274.639,1326.9363658992459,1222.341634100754,0.08205831753029048,47.799999999999955,24.05928571428571,1.9380612138041184
2026-06-23,1239.0,1264.0,1217.0,1222.45,1241.41,-18.96,-1.53,58004,7179745911.0,30.657600511112136,1254.5249047008308,1283.1663272714711,-28.641422570640316,-27.0854145960824,-3.112015949115829,1271.4675,1328.3838415161106,1214.5511584838894,0.08952858254907908,47.0,25.605,2.094564194854595
2026-06-24,1222.65,1241.87,1207.51,1207.68,1222.45,-14.77,-1.21,45335,5516574460.0,32.20672131933459,1247.3179962853185,1277.5747474735845,-30.25675118826598,-27.719681914519118,-5.074138547493725,1268.1825000000001,1331.8210271836554,1204.5439728163449,0.10036178102702921,34.3599999999999,25.829285714285707,2.138752460443636
2026-06-25,1207.0,1227.0,1200.0,1212.1,1207.68,4.42,0.37,48446,5860481755.0,35.96182822702157,1241.8998430106542,1272.7247661792449,-30.824923168590658,-28.340730165333426,-4.968386006514464,1263.6375,1329.7421907723258,1197.5328092276743,0.10462603519177888,27.0,26.164999999999996,2.1586502763798365
2026-06-26,1199.0,1199.0,1168.1,1168.63,1212.1,-43.47,-3.59,50066,5922014054.0,28.0762273358294,1230.6275594705535,1265.01404275856,-34.3864832880065,-29.54988078986804,-9.673204996276922,1258.27,1336.4796774197719,1180.060322580228,0.12431302887261379,44.0,28.217857142857138,2.41461002565886
2026-06-29,1169.0,1215.0,1151.01,1194.96,1168.63,26.33,2.25,66878,7949237761.0,36.61866540761724,1225.1402426289299,1259.824854406074,-34.684611777144255,-30.576826987323287,-8.215569579641937,1251.718,1327.9680166281225,1175.4679833718776,0.12183257990717153,63.99000000000001,31.502857142857142,2.636310599757075
2026-06-30,1187.0,1195.67,1176.0,1185.49,1194.96,-9.47,-0.79,39608,4684236159.0,36.263393726865374,1219.0402053014022,1254.318568894513,-35.278363593110726,-31.517134308480777,-7.522458569259896,1245.5125,1322.1283790398707,1168.8966209601294,0.123027073658226,19.670000000000073,32.16142857142857,2.7129228058801487
2026-07-01,1180.1,1196.8,1166.33,1193.01,1185.49,7.52,0.63,42474,5033838236.0,33.038601661959106,1215.0355583319558,1249.7771934208454,-34.74163508888955,-32.16203446456253,-5.159201248654043,1239.802,1314.0405445637693,1165.5634554362305,0.11975871076796044,30.470000000000027,32.06714285714286,2.687919033129887
2026-07-02,1193.01,1215.52,1190.51,1203.0,1193.01,9.99,0.84,50870,6122360932.0,34.870202261506606,1213.1839339731935,1246.3122161304125,-33.12828215721902,-32.35528400309383,-1.5459963082503805,1235.8564999999999,1309.0526046633913,1162.6603953366084,0.11845405136177455,25.00999999999999,32.712857142857146,2.7192732454577846
2026-07-03,1205.24,1210.14,1185.0,1194.45,1203.0,-8.55,-0.71,34268,4099266243.0,30.25526742301456,1210.30179028501,1242.4705704911228,-32.16878020611284,-32.31798324369763,0.29840607516958073,1232.1789999999999,1305.9635295152639,1158.3944704847358,0.11976267979776319,25.1400000000001,32.36642857142858,2.709734904887486
